-- --------------------------------------------------------
-- Host:                         127.0.0.1
-- Server version:               12.0.2-MariaDB - mariadb.org binary distribution
-- Server OS:                    Win64
-- HeidiSQL Version:             12.11.0.7065
-- --------------------------------------------------------

/*!40101 SET @OLD_CHARACTER_SET_CLIENT=@@CHARACTER_SET_CLIENT */;
/*!40101 SET NAMES utf8 */;
/*!50503 SET NAMES utf8mb4 */;
/*!40103 SET @OLD_TIME_ZONE=@@TIME_ZONE */;
/*!40103 SET TIME_ZONE='+00:00' */;
/*!40014 SET @OLD_FOREIGN_KEY_CHECKS=@@FOREIGN_KEY_CHECKS, FOREIGN_KEY_CHECKS=0 */;
/*!40101 SET @OLD_SQL_MODE=@@SQL_MODE, SQL_MODE='NO_AUTO_VALUE_ON_ZERO' */;
/*!40111 SET @OLD_SQL_NOTES=@@SQL_NOTES, SQL_NOTES=0 */;


-- Dumping database structure for quan_ly_nha_thuoc
CREATE DATABASE IF NOT EXISTS `quan_ly_nha_thuoc` /*!40100 DEFAULT CHARACTER SET utf8mb4 COLLATE utf8mb4_unicode_ci */;
USE `quan_ly_nha_thuoc`;

-- Dumping structure for table quan_ly_nha_thuoc.cong_ty
CREATE TABLE IF NOT EXISTS `cong_ty` (
  `id_cong_ty` bigint(20) unsigned NOT NULL AUTO_INCREMENT COMMENT 'Khoá chính',
  `ten_cong_ty` varchar(180) NOT NULL COMMENT 'Tên công ty (duy nhất)',
  `loai_cong_ty` enum('NHA_SAN_XUAT','NHA_CUNG_CAP') NOT NULL COMMENT 'Phân loại',
  `dia_chi` varchar(255) DEFAULT NULL,
  `so_dien_thoai` varchar(20) DEFAULT NULL,
  `email` varchar(120) DEFAULT NULL,
  `ghi_chu` varchar(255) DEFAULT NULL,
  `tao_luc` datetime NOT NULL DEFAULT current_timestamp(),
  `cap_nhat_luc` datetime NOT NULL DEFAULT current_timestamp() ON UPDATE current_timestamp(),
  PRIMARY KEY (`id_cong_ty`),
  UNIQUE KEY `uq_cong_ty_ten` (`ten_cong_ty`),
  KEY `idx_cong_ty_loai` (`loai_cong_ty`)
) ENGINE=InnoDB AUTO_INCREMENT=46 DEFAULT CHARSET=utf8mb4 COLLATE=utf8mb4_unicode_ci COMMENT='Danh mục công ty: NSX hoặc NCC';

-- Dumping data for table quan_ly_nha_thuoc.cong_ty: ~10 rows (approximately)
REPLACE INTO `cong_ty` (`id_cong_ty`, `ten_cong_ty`, `loai_cong_ty`, `dia_chi`, `so_dien_thoai`, `email`, `ghi_chu`, `tao_luc`, `cap_nhat_luc`) VALUES
	(1, 'NSX_1', 'NHA_SAN_XUAT', 'Ha Noi', '0241111111', 'nsx1@demo.vn', 'Du lieu mau', '2025-12-25 20:22:36', '2025-12-25 20:22:36'),
	(2, 'NSX_2', 'NHA_SAN_XUAT', 'TP.HCM', '0282222222', 'nsx2@demo.vn', 'Du lieu mau', '2025-12-25 20:22:36', '2025-12-25 20:22:36'),
	(3, 'NSX_3', 'NHA_SAN_XUAT', 'Da Nang', '0236333333', 'nsx3@demo.vn', 'Du lieu mau', '2025-12-25 20:22:36', '2025-12-25 20:22:36'),
	(4, 'NSX_4', 'NHA_SAN_XUAT', 'Can Tho', '0292444444', 'nsx4@demo.vn', 'Du lieu mau', '2025-12-25 20:22:36', '2025-12-25 20:22:36'),
	(5, 'NSX_5', 'NHA_SAN_XUAT', 'Hai Phong', '0225444444', 'nsx5@demo.vn', 'Du lieu mau', '2025-12-25 20:22:36', '2025-12-25 20:22:36'),
	(6, 'NCC_1', 'NHA_CUNG_CAP', 'Ha Noi', '0245550001', 'ncc1@demo.vn', 'Seed', '2025-12-25 20:31:07', '2025-12-25 20:31:07'),
	(7, 'NCC_2', 'NHA_CUNG_CAP', 'TP.HCM', '0285550002', 'ncc2@demo.vn', 'Seed', '2025-12-25 20:31:07', '2025-12-25 20:31:07'),
	(8, 'NCC_3', 'NHA_CUNG_CAP', 'Da Nang', '0236550003', 'ncc3@demo.vn', 'Seed', '2025-12-25 20:31:07', '2025-12-25 20:31:07'),
	(9, 'NCC_4', 'NHA_CUNG_CAP', 'Can Tho', '0292550004', 'ncc4@demo.vn', 'Seed', '2025-12-25 20:31:07', '2025-12-25 20:31:07'),
	(10, 'NCC_5', 'NHA_CUNG_CAP', 'Hai Phong', '0225550005', 'ncc5@demo.vn', 'Seed', '2025-12-25 20:31:07', '2025-12-25 20:31:07');

-- Dumping structure for table quan_ly_nha_thuoc.ct_hoa_don
CREATE TABLE IF NOT EXISTS `ct_hoa_don` (
  `id_ct_hoa_don` bigint(20) unsigned NOT NULL AUTO_INCREMENT,
  `id_hoa_don` bigint(20) unsigned NOT NULL,
  `id_lo_thuoc` bigint(20) unsigned NOT NULL,
  `so_luong_ban` int(11) NOT NULL COMMENT '>0',
  `don_gia_ban` decimal(18,2) NOT NULL DEFAULT 0.00 COMMENT '>=0',
  `giam_gia_phan_tram` decimal(5,2) NOT NULL DEFAULT 0.00 COMMENT '0..100',
  `thanh_tien` decimal(18,2) NOT NULL DEFAULT 0.00,
  `tao_luc` datetime NOT NULL DEFAULT current_timestamp(),
  PRIMARY KEY (`id_ct_hoa_don`),
  UNIQUE KEY `uq_ct_hd_1hd_1lo` (`id_hoa_don`,`id_lo_thuoc`),
  KEY `idx_ct_hd_hd` (`id_hoa_don`),
  KEY `idx_ct_hd_lo` (`id_lo_thuoc`),
  CONSTRAINT `fk_ct_hd_hd` FOREIGN KEY (`id_hoa_don`) REFERENCES `hoa_don` (`id_hoa_don`) ON DELETE CASCADE ON UPDATE CASCADE,
  CONSTRAINT `fk_ct_hd_lo` FOREIGN KEY (`id_lo_thuoc`) REFERENCES `lo_thuoc` (`id_lo_thuoc`) ON UPDATE CASCADE,
  CONSTRAINT `ck_ct_hd_so_luong` CHECK (`so_luong_ban` > 0),
  CONSTRAINT `ck_ct_hd_don_gia` CHECK (`don_gia_ban` >= 0),
  CONSTRAINT `ck_ct_hd_giam_gia` CHECK (`giam_gia_phan_tram` >= 0 and `giam_gia_phan_tram` <= 100)
) ENGINE=InnoDB AUTO_INCREMENT=241 DEFAULT CHARSET=utf8mb4 COLLATE=utf8mb4_unicode_ci COMMENT='Chi tiết hoá đơn';

-- Dumping data for table quan_ly_nha_thuoc.ct_hoa_don: ~240 rows (approximately)
REPLACE INTO `ct_hoa_don` (`id_ct_hoa_don`, `id_hoa_don`, `id_lo_thuoc`, `so_luong_ban`, `don_gia_ban`, `giam_gia_phan_tram`, `thanh_tien`, `tao_luc`) VALUES
	(1, 1, 1, 2, 1510.00, 0.00, 3020.00, '2025-12-25 20:45:41'),
	(2, 2, 2, 3, 1520.00, 0.00, 4560.00, '2025-12-25 20:45:41'),
	(3, 3, 3, 1, 1530.00, 0.00, 1530.00, '2025-12-25 20:45:41'),
	(4, 4, 4, 2, 1540.00, 0.00, 3080.00, '2025-12-25 20:45:41'),
	(5, 5, 5, 3, 1550.00, 0.00, 4650.00, '2025-12-25 20:45:41'),
	(6, 6, 6, 1, 1560.00, 0.00, 1560.00, '2025-12-25 20:45:41'),
	(7, 7, 7, 2, 1570.00, 0.00, 3140.00, '2025-12-25 20:45:41'),
	(8, 8, 8, 3, 1580.00, 0.00, 4740.00, '2025-12-25 20:45:41'),
	(9, 9, 9, 1, 1590.00, 0.00, 1590.00, '2025-12-25 20:45:41'),
	(10, 10, 10, 2, 1600.00, 10.00, 2880.00, '2025-12-25 20:45:41'),
	(11, 11, 11, 3, 1610.00, 0.00, 4830.00, '2025-12-25 20:45:41'),
	(12, 12, 12, 1, 1620.00, 0.00, 1620.00, '2025-12-25 20:45:41'),
	(13, 13, 13, 2, 1630.00, 0.00, 3260.00, '2025-12-25 20:45:41'),
	(14, 14, 14, 3, 1640.00, 0.00, 4920.00, '2025-12-25 20:45:41'),
	(15, 15, 15, 1, 1650.00, 5.00, 1567.50, '2025-12-25 20:45:41'),
	(16, 16, 16, 2, 1660.00, 0.00, 3320.00, '2025-12-25 20:45:41'),
	(17, 17, 17, 3, 1670.00, 0.00, 5010.00, '2025-12-25 20:45:41'),
	(18, 18, 18, 1, 1680.00, 0.00, 1680.00, '2025-12-25 20:45:41'),
	(19, 19, 19, 2, 1690.00, 0.00, 3380.00, '2025-12-25 20:45:41'),
	(20, 20, 20, 3, 1700.00, 10.00, 4590.00, '2025-12-25 20:45:41'),
	(21, 21, 21, 1, 1710.00, 0.00, 1710.00, '2025-12-25 20:45:41'),
	(22, 22, 22, 2, 1720.00, 0.00, 3440.00, '2025-12-25 20:45:41'),
	(23, 23, 23, 3, 1730.00, 0.00, 5190.00, '2025-12-25 20:45:41'),
	(24, 24, 24, 1, 1740.00, 0.00, 1740.00, '2025-12-25 20:45:41'),
	(25, 25, 25, 2, 1750.00, 0.00, 3500.00, '2025-12-25 20:45:41'),
	(26, 26, 26, 3, 1760.00, 0.00, 5280.00, '2025-12-25 20:45:41'),
	(27, 27, 27, 1, 1770.00, 0.00, 1770.00, '2025-12-25 20:45:41'),
	(28, 28, 28, 2, 1780.00, 0.00, 3560.00, '2025-12-25 20:45:41'),
	(29, 29, 29, 3, 1790.00, 0.00, 5370.00, '2025-12-25 20:45:41'),
	(30, 30, 30, 1, 1800.00, 10.00, 1620.00, '2025-12-25 20:45:41'),
	(31, 31, 31, 2, 1810.00, 0.00, 3620.00, '2025-12-25 20:45:41'),
	(32, 32, 32, 3, 1820.00, 0.00, 5460.00, '2025-12-25 20:45:41'),
	(33, 33, 33, 1, 1830.00, 0.00, 1830.00, '2025-12-25 20:45:41'),
	(34, 34, 34, 2, 1840.00, 0.00, 3680.00, '2025-12-25 20:45:41'),
	(35, 35, 35, 3, 1850.00, 0.00, 5550.00, '2025-12-25 20:45:41'),
	(36, 36, 36, 1, 1860.00, 0.00, 1860.00, '2025-12-25 20:45:41'),
	(37, 37, 37, 2, 1870.00, 0.00, 3740.00, '2025-12-25 20:45:41'),
	(38, 38, 38, 3, 1880.00, 0.00, 5640.00, '2025-12-25 20:45:41'),
	(39, 39, 39, 1, 1890.00, 0.00, 1890.00, '2025-12-25 20:45:41'),
	(40, 40, 40, 2, 1900.00, 10.00, 3420.00, '2025-12-25 20:45:41'),
	(41, 41, 41, 3, 1910.00, 0.00, 5730.00, '2025-12-25 20:45:41'),
	(42, 42, 42, 1, 1920.00, 0.00, 1920.00, '2025-12-25 20:45:41'),
	(43, 43, 43, 2, 1930.00, 0.00, 3860.00, '2025-12-25 20:45:41'),
	(44, 44, 44, 3, 1940.00, 0.00, 5820.00, '2025-12-25 20:45:41'),
	(45, 45, 45, 1, 1950.00, 5.00, 1852.50, '2025-12-25 20:45:41'),
	(46, 46, 46, 2, 1960.00, 0.00, 3920.00, '2025-12-25 20:45:41'),
	(47, 47, 47, 3, 1970.00, 0.00, 5910.00, '2025-12-25 20:45:41'),
	(48, 48, 48, 1, 1980.00, 0.00, 1980.00, '2025-12-25 20:45:41'),
	(49, 49, 49, 2, 1990.00, 0.00, 3980.00, '2025-12-25 20:45:41'),
	(50, 50, 50, 3, 2000.00, 10.00, 5400.00, '2025-12-25 20:45:41'),
	(51, 51, 51, 1, 2010.00, 0.00, 2010.00, '2025-12-25 20:45:41'),
	(52, 52, 52, 2, 2020.00, 0.00, 4040.00, '2025-12-25 20:45:41'),
	(53, 53, 53, 3, 2030.00, 0.00, 6090.00, '2025-12-25 20:45:41'),
	(54, 54, 54, 1, 2040.00, 0.00, 2040.00, '2025-12-25 20:45:41'),
	(55, 55, 55, 2, 2050.00, 0.00, 4100.00, '2025-12-25 20:45:41'),
	(56, 56, 56, 3, 2060.00, 0.00, 6180.00, '2025-12-25 20:45:41'),
	(57, 57, 57, 1, 2070.00, 0.00, 2070.00, '2025-12-25 20:45:41'),
	(58, 58, 58, 2, 2080.00, 0.00, 4160.00, '2025-12-25 20:45:41'),
	(59, 59, 59, 3, 2090.00, 0.00, 6270.00, '2025-12-25 20:45:41'),
	(60, 60, 60, 1, 2100.00, 10.00, 1890.00, '2025-12-25 20:45:41'),
	(61, 61, 61, 2, 2110.00, 0.00, 4220.00, '2025-12-25 20:45:41'),
	(62, 62, 62, 3, 2120.00, 0.00, 6360.00, '2025-12-25 20:45:41'),
	(63, 63, 63, 1, 2130.00, 0.00, 2130.00, '2025-12-25 20:45:41'),
	(64, 64, 64, 2, 2140.00, 0.00, 4280.00, '2025-12-25 20:45:41'),
	(65, 65, 65, 3, 2150.00, 0.00, 6450.00, '2025-12-25 20:45:41'),
	(66, 66, 66, 1, 2160.00, 0.00, 2160.00, '2025-12-25 20:45:41'),
	(67, 67, 67, 2, 2170.00, 0.00, 4340.00, '2025-12-25 20:45:41'),
	(68, 68, 68, 3, 2180.00, 0.00, 6540.00, '2025-12-25 20:45:41'),
	(69, 69, 69, 1, 2190.00, 0.00, 2190.00, '2025-12-25 20:45:41'),
	(70, 70, 70, 2, 2200.00, 10.00, 3960.00, '2025-12-25 20:45:41'),
	(71, 71, 71, 3, 2210.00, 0.00, 6630.00, '2025-12-25 20:45:41'),
	(72, 72, 72, 1, 2220.00, 0.00, 2220.00, '2025-12-25 20:45:41'),
	(73, 73, 73, 2, 2230.00, 0.00, 4460.00, '2025-12-25 20:45:41'),
	(74, 74, 74, 3, 2240.00, 0.00, 6720.00, '2025-12-25 20:45:41'),
	(75, 75, 75, 1, 2250.00, 5.00, 2137.50, '2025-12-25 20:45:41'),
	(76, 76, 76, 2, 2260.00, 0.00, 4520.00, '2025-12-25 20:45:41'),
	(77, 77, 77, 3, 2270.00, 0.00, 6810.00, '2025-12-25 20:45:41'),
	(78, 78, 78, 1, 2280.00, 0.00, 2280.00, '2025-12-25 20:45:41'),
	(79, 79, 79, 2, 2290.00, 0.00, 4580.00, '2025-12-25 20:45:41'),
	(80, 80, 80, 3, 2300.00, 10.00, 6210.00, '2025-12-25 20:45:41'),
	(81, 1, 81, 1, 2310.00, 0.00, 2310.00, '2025-12-25 20:45:41'),
	(82, 2, 82, 2, 2320.00, 0.00, 4640.00, '2025-12-25 20:45:41'),
	(83, 3, 83, 3, 2330.00, 0.00, 6990.00, '2025-12-25 20:45:41'),
	(84, 4, 84, 1, 2340.00, 0.00, 2340.00, '2025-12-25 20:45:41'),
	(85, 5, 85, 2, 2350.00, 0.00, 4700.00, '2025-12-25 20:45:41'),
	(86, 6, 86, 3, 2360.00, 0.00, 7080.00, '2025-12-25 20:45:41'),
	(87, 7, 87, 1, 2370.00, 0.00, 2370.00, '2025-12-25 20:45:41'),
	(88, 8, 88, 2, 2380.00, 0.00, 4760.00, '2025-12-25 20:45:41'),
	(89, 9, 89, 3, 2390.00, 0.00, 7170.00, '2025-12-25 20:45:41'),
	(90, 10, 90, 1, 2400.00, 10.00, 2160.00, '2025-12-25 20:45:41'),
	(91, 11, 91, 2, 2410.00, 0.00, 4820.00, '2025-12-25 20:45:41'),
	(92, 12, 92, 3, 2420.00, 0.00, 7260.00, '2025-12-25 20:45:41'),
	(93, 13, 93, 1, 2430.00, 0.00, 2430.00, '2025-12-25 20:45:41'),
	(94, 14, 94, 2, 2440.00, 0.00, 4880.00, '2025-12-25 20:45:41'),
	(95, 15, 95, 3, 2450.00, 0.00, 7350.00, '2025-12-25 20:45:41'),
	(96, 16, 96, 1, 2460.00, 0.00, 2460.00, '2025-12-25 20:45:41'),
	(97, 17, 97, 2, 2470.00, 0.00, 4940.00, '2025-12-25 20:45:41'),
	(98, 18, 98, 3, 2480.00, 0.00, 7440.00, '2025-12-25 20:45:41'),
	(99, 19, 99, 1, 2490.00, 0.00, 2490.00, '2025-12-25 20:45:41'),
	(100, 20, 100, 2, 2500.00, 10.00, 4500.00, '2025-12-25 20:45:41'),
	(101, 21, 101, 3, 2510.00, 0.00, 7530.00, '2025-12-25 20:45:41'),
	(102, 22, 102, 1, 2520.00, 0.00, 2520.00, '2025-12-25 20:45:41'),
	(103, 23, 103, 2, 2530.00, 0.00, 5060.00, '2025-12-25 20:45:41'),
	(104, 24, 104, 3, 2540.00, 0.00, 7620.00, '2025-12-25 20:45:41'),
	(105, 25, 105, 1, 2550.00, 5.00, 2422.50, '2025-12-25 20:45:41'),
	(106, 26, 106, 2, 2560.00, 0.00, 5120.00, '2025-12-25 20:45:41'),
	(107, 27, 107, 3, 2570.00, 0.00, 7710.00, '2025-12-25 20:45:41'),
	(108, 28, 108, 1, 2580.00, 0.00, 2580.00, '2025-12-25 20:45:41'),
	(109, 29, 109, 2, 2590.00, 0.00, 5180.00, '2025-12-25 20:45:41'),
	(110, 30, 110, 3, 2600.00, 10.00, 7020.00, '2025-12-25 20:45:41'),
	(111, 31, 111, 1, 2610.00, 0.00, 2610.00, '2025-12-25 20:45:41'),
	(112, 32, 112, 2, 2620.00, 0.00, 5240.00, '2025-12-25 20:45:41'),
	(113, 33, 113, 3, 2630.00, 0.00, 7890.00, '2025-12-25 20:45:41'),
	(114, 34, 114, 1, 2640.00, 0.00, 2640.00, '2025-12-25 20:45:41'),
	(115, 35, 115, 2, 2650.00, 0.00, 5300.00, '2025-12-25 20:45:41'),
	(116, 36, 116, 3, 2660.00, 0.00, 7980.00, '2025-12-25 20:45:41'),
	(117, 37, 117, 1, 2670.00, 0.00, 2670.00, '2025-12-25 20:45:41'),
	(118, 38, 118, 2, 2680.00, 0.00, 5360.00, '2025-12-25 20:45:41'),
	(119, 39, 119, 3, 2690.00, 0.00, 8070.00, '2025-12-25 20:45:41'),
	(120, 40, 120, 1, 2700.00, 10.00, 2430.00, '2025-12-25 20:45:41'),
	(121, 41, 121, 2, 2710.00, 0.00, 5420.00, '2025-12-25 20:45:41'),
	(122, 42, 122, 3, 2720.00, 0.00, 8160.00, '2025-12-25 20:45:41'),
	(123, 43, 123, 1, 2730.00, 0.00, 2730.00, '2025-12-25 20:45:41'),
	(124, 44, 124, 2, 2740.00, 0.00, 5480.00, '2025-12-25 20:45:41'),
	(125, 45, 125, 3, 2750.00, 0.00, 8250.00, '2025-12-25 20:45:41'),
	(126, 46, 126, 1, 2760.00, 0.00, 2760.00, '2025-12-25 20:45:41'),
	(127, 47, 127, 2, 2770.00, 0.00, 5540.00, '2025-12-25 20:45:41'),
	(128, 48, 128, 3, 2780.00, 0.00, 8340.00, '2025-12-25 20:45:41'),
	(129, 49, 129, 1, 2790.00, 0.00, 2790.00, '2025-12-25 20:45:41'),
	(130, 50, 130, 2, 2800.00, 10.00, 5040.00, '2025-12-25 20:45:41'),
	(131, 51, 131, 3, 2810.00, 0.00, 8430.00, '2025-12-25 20:45:41'),
	(132, 52, 132, 1, 2820.00, 0.00, 2820.00, '2025-12-25 20:45:41'),
	(133, 53, 133, 2, 2830.00, 0.00, 5660.00, '2025-12-25 20:45:41'),
	(134, 54, 134, 3, 2840.00, 0.00, 8520.00, '2025-12-25 20:45:41'),
	(135, 55, 135, 1, 2850.00, 5.00, 2707.50, '2025-12-25 20:45:41'),
	(136, 56, 136, 2, 2860.00, 0.00, 5720.00, '2025-12-25 20:45:41'),
	(137, 57, 137, 3, 2870.00, 0.00, 8610.00, '2025-12-25 20:45:41'),
	(138, 58, 138, 1, 2880.00, 0.00, 2880.00, '2025-12-25 20:45:41'),
	(139, 59, 139, 2, 2890.00, 0.00, 5780.00, '2025-12-25 20:45:41'),
	(140, 60, 140, 3, 2900.00, 10.00, 7830.00, '2025-12-25 20:45:41'),
	(141, 61, 141, 1, 2910.00, 0.00, 2910.00, '2025-12-25 20:45:41'),
	(142, 62, 142, 2, 2920.00, 0.00, 5840.00, '2025-12-25 20:45:41'),
	(143, 63, 143, 3, 2930.00, 0.00, 8790.00, '2025-12-25 20:45:41'),
	(144, 64, 144, 1, 2940.00, 0.00, 2940.00, '2025-12-25 20:45:41'),
	(145, 65, 145, 2, 2950.00, 0.00, 5900.00, '2025-12-25 20:45:41'),
	(146, 66, 146, 3, 2960.00, 0.00, 8880.00, '2025-12-25 20:45:41'),
	(147, 67, 147, 1, 2970.00, 0.00, 2970.00, '2025-12-25 20:45:41'),
	(148, 68, 148, 2, 2980.00, 0.00, 5960.00, '2025-12-25 20:45:41'),
	(149, 69, 149, 3, 2990.00, 0.00, 8970.00, '2025-12-25 20:45:41'),
	(150, 70, 150, 1, 3000.00, 10.00, 2700.00, '2025-12-25 20:45:41'),
	(151, 71, 151, 2, 3010.00, 0.00, 6020.00, '2025-12-25 20:45:41'),
	(152, 72, 152, 3, 3020.00, 0.00, 9060.00, '2025-12-25 20:45:41'),
	(153, 73, 153, 1, 3030.00, 0.00, 3030.00, '2025-12-25 20:45:41'),
	(154, 74, 154, 2, 3040.00, 0.00, 6080.00, '2025-12-25 20:45:41'),
	(155, 75, 155, 3, 3050.00, 0.00, 9150.00, '2025-12-25 20:45:41'),
	(156, 76, 156, 1, 3060.00, 0.00, 3060.00, '2025-12-25 20:45:41'),
	(157, 77, 157, 2, 3070.00, 0.00, 6140.00, '2025-12-25 20:45:41'),
	(158, 78, 158, 3, 3080.00, 0.00, 9240.00, '2025-12-25 20:45:41'),
	(159, 79, 159, 1, 3090.00, 0.00, 3090.00, '2025-12-25 20:45:41'),
	(160, 80, 160, 2, 3100.00, 10.00, 5580.00, '2025-12-25 20:45:41'),
	(161, 1, 161, 3, 3110.00, 0.00, 9330.00, '2025-12-25 20:45:41'),
	(162, 2, 162, 1, 3120.00, 0.00, 3120.00, '2025-12-25 20:45:41'),
	(163, 3, 163, 2, 3130.00, 0.00, 6260.00, '2025-12-25 20:45:41'),
	(164, 4, 164, 3, 3140.00, 0.00, 9420.00, '2025-12-25 20:45:41'),
	(165, 5, 165, 1, 3150.00, 5.00, 2992.50, '2025-12-25 20:45:41'),
	(166, 6, 166, 2, 3160.00, 0.00, 6320.00, '2025-12-25 20:45:41'),
	(167, 7, 167, 3, 3170.00, 0.00, 9510.00, '2025-12-25 20:45:41'),
	(168, 8, 168, 1, 3180.00, 0.00, 3180.00, '2025-12-25 20:45:41'),
	(169, 9, 169, 2, 3190.00, 0.00, 6380.00, '2025-12-25 20:45:41'),
	(170, 10, 170, 3, 3200.00, 10.00, 8640.00, '2025-12-25 20:45:41'),
	(171, 11, 171, 1, 3210.00, 0.00, 3210.00, '2025-12-25 20:45:41'),
	(172, 12, 172, 2, 3220.00, 0.00, 6440.00, '2025-12-25 20:45:41'),
	(173, 13, 173, 3, 3230.00, 0.00, 9690.00, '2025-12-25 20:45:41'),
	(174, 14, 174, 1, 3240.00, 0.00, 3240.00, '2025-12-25 20:45:41'),
	(175, 15, 175, 2, 3250.00, 0.00, 6500.00, '2025-12-25 20:45:41'),
	(176, 16, 176, 3, 3260.00, 0.00, 9780.00, '2025-12-25 20:45:41'),
	(177, 17, 177, 1, 3270.00, 0.00, 3270.00, '2025-12-25 20:45:41'),
	(178, 18, 178, 2, 3280.00, 0.00, 6560.00, '2025-12-25 20:45:41'),
	(179, 19, 179, 3, 3290.00, 0.00, 9870.00, '2025-12-25 20:45:41'),
	(180, 20, 180, 1, 3300.00, 10.00, 2970.00, '2025-12-25 20:45:41'),
	(181, 21, 181, 2, 3310.00, 0.00, 6620.00, '2025-12-25 20:45:41'),
	(182, 22, 182, 3, 3320.00, 0.00, 9960.00, '2025-12-25 20:45:41'),
	(183, 23, 183, 1, 3330.00, 0.00, 3330.00, '2025-12-25 20:45:41'),
	(184, 24, 184, 2, 3340.00, 0.00, 6680.00, '2025-12-25 20:45:41'),
	(185, 25, 185, 3, 3350.00, 0.00, 10050.00, '2025-12-25 20:45:41'),
	(186, 26, 186, 1, 3360.00, 0.00, 3360.00, '2025-12-25 20:45:41'),
	(187, 27, 187, 2, 3370.00, 0.00, 6740.00, '2025-12-25 20:45:41'),
	(188, 28, 188, 3, 3380.00, 0.00, 10140.00, '2025-12-25 20:45:41'),
	(189, 29, 189, 1, 3390.00, 0.00, 3390.00, '2025-12-25 20:45:41'),
	(190, 30, 190, 2, 3400.00, 10.00, 6120.00, '2025-12-25 20:45:41'),
	(191, 31, 191, 3, 3410.00, 0.00, 10230.00, '2025-12-25 20:45:41'),
	(192, 32, 192, 1, 3420.00, 0.00, 3420.00, '2025-12-25 20:45:41'),
	(193, 33, 193, 2, 3430.00, 0.00, 6860.00, '2025-12-25 20:45:41'),
	(194, 34, 194, 3, 3440.00, 0.00, 10320.00, '2025-12-25 20:45:41'),
	(195, 35, 195, 1, 3450.00, 5.00, 3277.50, '2025-12-25 20:45:41'),
	(196, 36, 196, 2, 3460.00, 0.00, 6920.00, '2025-12-25 20:45:41'),
	(197, 37, 197, 3, 3470.00, 0.00, 10410.00, '2025-12-25 20:45:41'),
	(198, 38, 198, 1, 3480.00, 0.00, 3480.00, '2025-12-25 20:45:41'),
	(199, 39, 199, 2, 3490.00, 0.00, 6980.00, '2025-12-25 20:45:41'),
	(200, 40, 200, 3, 3500.00, 10.00, 9450.00, '2025-12-25 20:45:41'),
	(201, 41, 201, 1, 3510.00, 0.00, 3510.00, '2025-12-25 20:45:41'),
	(202, 42, 202, 2, 3520.00, 0.00, 7040.00, '2025-12-25 20:45:41'),
	(203, 43, 203, 3, 3530.00, 0.00, 10590.00, '2025-12-25 20:45:41'),
	(204, 44, 204, 1, 3540.00, 0.00, 3540.00, '2025-12-25 20:45:41'),
	(205, 45, 205, 2, 3550.00, 0.00, 7100.00, '2025-12-25 20:45:41'),
	(206, 46, 206, 3, 3560.00, 0.00, 10680.00, '2025-12-25 20:45:41'),
	(207, 47, 207, 1, 3570.00, 0.00, 3570.00, '2025-12-25 20:45:41'),
	(208, 48, 208, 2, 3580.00, 0.00, 7160.00, '2025-12-25 20:45:41'),
	(209, 49, 209, 3, 3590.00, 0.00, 10770.00, '2025-12-25 20:45:41'),
	(210, 50, 210, 1, 3600.00, 10.00, 3240.00, '2025-12-25 20:45:41'),
	(211, 51, 211, 2, 3610.00, 0.00, 7220.00, '2025-12-25 20:45:41'),
	(212, 52, 212, 3, 3620.00, 0.00, 10860.00, '2025-12-25 20:45:41'),
	(213, 53, 213, 1, 3630.00, 0.00, 3630.00, '2025-12-25 20:45:41'),
	(214, 54, 214, 2, 3640.00, 0.00, 7280.00, '2025-12-25 20:45:41'),
	(215, 55, 215, 3, 3650.00, 0.00, 10950.00, '2025-12-25 20:45:41'),
	(216, 56, 216, 1, 3660.00, 0.00, 3660.00, '2025-12-25 20:45:41'),
	(217, 57, 217, 2, 3670.00, 0.00, 7340.00, '2025-12-25 20:45:41'),
	(218, 58, 218, 3, 3680.00, 0.00, 11040.00, '2025-12-25 20:45:41'),
	(219, 59, 219, 1, 3690.00, 0.00, 3690.00, '2025-12-25 20:45:41'),
	(220, 60, 220, 2, 3700.00, 10.00, 6660.00, '2025-12-25 20:45:41'),
	(221, 61, 221, 3, 3710.00, 0.00, 11130.00, '2025-12-25 20:45:41'),
	(222, 62, 222, 1, 3720.00, 0.00, 3720.00, '2025-12-25 20:45:41'),
	(223, 63, 223, 2, 3730.00, 0.00, 7460.00, '2025-12-25 20:45:41'),
	(224, 64, 224, 3, 3740.00, 0.00, 11220.00, '2025-12-25 20:45:41'),
	(225, 65, 225, 1, 3750.00, 5.00, 3562.50, '2025-12-25 20:45:41'),
	(226, 66, 226, 2, 3760.00, 0.00, 7520.00, '2025-12-25 20:45:41'),
	(227, 67, 227, 3, 3770.00, 0.00, 11310.00, '2025-12-25 20:45:41'),
	(228, 68, 228, 1, 3780.00, 0.00, 3780.00, '2025-12-25 20:45:41'),
	(229, 69, 229, 2, 3790.00, 0.00, 7580.00, '2025-12-25 20:45:41'),
	(230, 70, 230, 3, 3800.00, 10.00, 10260.00, '2025-12-25 20:45:41'),
	(231, 71, 231, 1, 3810.00, 0.00, 3810.00, '2025-12-25 20:45:41'),
	(232, 72, 232, 2, 3820.00, 0.00, 7640.00, '2025-12-25 20:45:41'),
	(233, 73, 233, 3, 3830.00, 0.00, 11490.00, '2025-12-25 20:45:41'),
	(234, 74, 234, 1, 3840.00, 0.00, 3840.00, '2025-12-25 20:45:41'),
	(235, 75, 235, 2, 3850.00, 0.00, 7700.00, '2025-12-25 20:45:41'),
	(236, 76, 236, 3, 3860.00, 0.00, 11580.00, '2025-12-25 20:45:41'),
	(237, 77, 237, 1, 3870.00, 0.00, 3870.00, '2025-12-25 20:45:41'),
	(238, 78, 238, 2, 3880.00, 0.00, 7760.00, '2025-12-25 20:45:41'),
	(239, 79, 239, 3, 3890.00, 0.00, 11670.00, '2025-12-25 20:45:41'),
	(240, 80, 240, 1, 3900.00, 10.00, 3510.00, '2025-12-25 20:45:41');

-- Dumping structure for table quan_ly_nha_thuoc.ct_phieu_nhap
CREATE TABLE IF NOT EXISTS `ct_phieu_nhap` (
  `id_ct_phieu_nhap` bigint(20) unsigned NOT NULL AUTO_INCREMENT,
  `id_phieu_nhap` bigint(20) unsigned NOT NULL,
  `id_lo_thuoc` bigint(20) unsigned NOT NULL,
  `so_luong_nhap` int(11) NOT NULL COMMENT '>0',
  `don_gia_nhap` decimal(18,2) NOT NULL DEFAULT 0.00 COMMENT '>=0',
  `thanh_tien` decimal(18,2) NOT NULL DEFAULT 0.00,
  `tao_luc` datetime NOT NULL DEFAULT current_timestamp(),
  PRIMARY KEY (`id_ct_phieu_nhap`),
  UNIQUE KEY `uq_ct_pn_1phieu_1lo` (`id_phieu_nhap`,`id_lo_thuoc`),
  KEY `idx_ct_pn_phieu` (`id_phieu_nhap`),
  KEY `idx_ct_pn_lo` (`id_lo_thuoc`),
  CONSTRAINT `fk_ct_pn_lo` FOREIGN KEY (`id_lo_thuoc`) REFERENCES `lo_thuoc` (`id_lo_thuoc`) ON UPDATE CASCADE,
  CONSTRAINT `fk_ct_pn_phieu` FOREIGN KEY (`id_phieu_nhap`) REFERENCES `phieu_nhap` (`id_phieu_nhap`) ON DELETE CASCADE ON UPDATE CASCADE,
  CONSTRAINT `ck_ct_pn_so_luong` CHECK (`so_luong_nhap` > 0),
  CONSTRAINT `ck_ct_pn_don_gia` CHECK (`don_gia_nhap` >= 0)
) ENGINE=InnoDB AUTO_INCREMENT=151 DEFAULT CHARSET=utf8mb4 COLLATE=utf8mb4_unicode_ci COMMENT='Chi tiết phiếu nhập';

-- Dumping data for table quan_ly_nha_thuoc.ct_phieu_nhap: ~150 rows (approximately)
REPLACE INTO `ct_phieu_nhap` (`id_ct_phieu_nhap`, `id_phieu_nhap`, `id_lo_thuoc`, `so_luong_nhap`, `don_gia_nhap`, `thanh_tien`, `tao_luc`) VALUES
	(1, 1, 1, 11, 707.00, 7777.00, '2025-12-25 20:45:41'),
	(2, 2, 2, 12, 714.00, 8568.00, '2025-12-25 20:45:41'),
	(3, 3, 3, 13, 721.00, 9373.00, '2025-12-25 20:45:41'),
	(4, 4, 4, 14, 728.00, 10192.00, '2025-12-25 20:45:41'),
	(5, 5, 5, 15, 735.00, 11025.00, '2025-12-25 20:45:41'),
	(6, 6, 6, 16, 742.00, 11872.00, '2025-12-25 20:45:41'),
	(7, 7, 7, 17, 749.00, 12733.00, '2025-12-25 20:45:41'),
	(8, 8, 8, 18, 756.00, 13608.00, '2025-12-25 20:45:41'),
	(9, 9, 9, 19, 763.00, 14497.00, '2025-12-25 20:45:41'),
	(10, 10, 10, 20, 770.00, 15400.00, '2025-12-25 20:45:41'),
	(11, 11, 11, 21, 777.00, 16317.00, '2025-12-25 20:45:41'),
	(12, 12, 12, 22, 784.00, 17248.00, '2025-12-25 20:45:41'),
	(13, 13, 13, 23, 791.00, 18193.00, '2025-12-25 20:45:41'),
	(14, 14, 14, 24, 798.00, 19152.00, '2025-12-25 20:45:41'),
	(15, 15, 15, 25, 805.00, 20125.00, '2025-12-25 20:45:41'),
	(16, 16, 16, 26, 812.00, 21112.00, '2025-12-25 20:45:41'),
	(17, 17, 17, 27, 819.00, 22113.00, '2025-12-25 20:45:41'),
	(18, 18, 18, 28, 826.00, 23128.00, '2025-12-25 20:45:41'),
	(19, 19, 19, 29, 833.00, 24157.00, '2025-12-25 20:45:41'),
	(20, 20, 20, 30, 840.00, 25200.00, '2025-12-25 20:45:41'),
	(21, 21, 21, 31, 847.00, 26257.00, '2025-12-25 20:45:41'),
	(22, 22, 22, 32, 854.00, 27328.00, '2025-12-25 20:45:41'),
	(23, 23, 23, 33, 861.00, 28413.00, '2025-12-25 20:45:41'),
	(24, 24, 24, 34, 868.00, 29512.00, '2025-12-25 20:45:41'),
	(25, 25, 25, 35, 875.00, 30625.00, '2025-12-25 20:45:41'),
	(26, 26, 26, 36, 882.00, 31752.00, '2025-12-25 20:45:41'),
	(27, 27, 27, 37, 889.00, 32893.00, '2025-12-25 20:45:41'),
	(28, 28, 28, 38, 896.00, 34048.00, '2025-12-25 20:45:41'),
	(29, 29, 29, 39, 903.00, 35217.00, '2025-12-25 20:45:41'),
	(30, 30, 30, 10, 910.00, 9100.00, '2025-12-25 20:45:41'),
	(31, 31, 31, 11, 917.00, 10087.00, '2025-12-25 20:45:41'),
	(32, 32, 32, 12, 924.00, 11088.00, '2025-12-25 20:45:41'),
	(33, 33, 33, 13, 931.00, 12103.00, '2025-12-25 20:45:41'),
	(34, 34, 34, 14, 938.00, 13132.00, '2025-12-25 20:45:41'),
	(35, 35, 35, 15, 945.00, 14175.00, '2025-12-25 20:45:41'),
	(36, 36, 36, 16, 952.00, 15232.00, '2025-12-25 20:45:41'),
	(37, 37, 37, 17, 959.00, 16303.00, '2025-12-25 20:45:41'),
	(38, 38, 38, 18, 966.00, 17388.00, '2025-12-25 20:45:41'),
	(39, 39, 39, 19, 973.00, 18487.00, '2025-12-25 20:45:41'),
	(40, 40, 40, 20, 980.00, 19600.00, '2025-12-25 20:45:41'),
	(41, 41, 41, 21, 987.00, 20727.00, '2025-12-25 20:45:41'),
	(42, 42, 42, 22, 994.00, 21868.00, '2025-12-25 20:45:41'),
	(43, 43, 43, 23, 1001.00, 23023.00, '2025-12-25 20:45:41'),
	(44, 44, 44, 24, 1008.00, 24192.00, '2025-12-25 20:45:41'),
	(45, 45, 45, 25, 1015.00, 25375.00, '2025-12-25 20:45:41'),
	(46, 46, 46, 26, 1022.00, 26572.00, '2025-12-25 20:45:41'),
	(47, 47, 47, 27, 1029.00, 27783.00, '2025-12-25 20:45:41'),
	(48, 48, 48, 28, 1036.00, 29008.00, '2025-12-25 20:45:41'),
	(49, 49, 49, 29, 1043.00, 30247.00, '2025-12-25 20:45:41'),
	(50, 50, 50, 30, 1050.00, 31500.00, '2025-12-25 20:45:41'),
	(51, 1, 51, 31, 1057.00, 32767.00, '2025-12-25 20:45:41'),
	(52, 2, 52, 32, 1064.00, 34048.00, '2025-12-25 20:45:41'),
	(53, 3, 53, 33, 1071.00, 35343.00, '2025-12-25 20:45:41'),
	(54, 4, 54, 34, 1078.00, 36652.00, '2025-12-25 20:45:41'),
	(55, 5, 55, 35, 1085.00, 37975.00, '2025-12-25 20:45:41'),
	(56, 6, 56, 36, 1092.00, 39312.00, '2025-12-25 20:45:41'),
	(57, 7, 57, 37, 1099.00, 40663.00, '2025-12-25 20:45:41'),
	(58, 8, 58, 38, 1106.00, 42028.00, '2025-12-25 20:45:41'),
	(59, 9, 59, 39, 1113.00, 43407.00, '2025-12-25 20:45:41'),
	(60, 10, 60, 10, 1120.00, 11200.00, '2025-12-25 20:45:41'),
	(61, 11, 61, 11, 1127.00, 12397.00, '2025-12-25 20:45:41'),
	(62, 12, 62, 12, 1134.00, 13608.00, '2025-12-25 20:45:41'),
	(63, 13, 63, 13, 1141.00, 14833.00, '2025-12-25 20:45:41'),
	(64, 14, 64, 14, 1148.00, 16072.00, '2025-12-25 20:45:41'),
	(65, 15, 65, 15, 1155.00, 17325.00, '2025-12-25 20:45:41'),
	(66, 16, 66, 16, 1162.00, 18592.00, '2025-12-25 20:45:41'),
	(67, 17, 67, 17, 1169.00, 19873.00, '2025-12-25 20:45:41'),
	(68, 18, 68, 18, 1176.00, 21168.00, '2025-12-25 20:45:41'),
	(69, 19, 69, 19, 1183.00, 22477.00, '2025-12-25 20:45:41'),
	(70, 20, 70, 20, 1190.00, 23800.00, '2025-12-25 20:45:41'),
	(71, 21, 71, 21, 1197.00, 25137.00, '2025-12-25 20:45:41'),
	(72, 22, 72, 22, 1204.00, 26488.00, '2025-12-25 20:45:41'),
	(73, 23, 73, 23, 1211.00, 27853.00, '2025-12-25 20:45:41'),
	(74, 24, 74, 24, 1218.00, 29232.00, '2025-12-25 20:45:41'),
	(75, 25, 75, 25, 1225.00, 30625.00, '2025-12-25 20:45:41'),
	(76, 26, 76, 26, 1232.00, 32032.00, '2025-12-25 20:45:41'),
	(77, 27, 77, 27, 1239.00, 33453.00, '2025-12-25 20:45:41'),
	(78, 28, 78, 28, 1246.00, 34888.00, '2025-12-25 20:45:41'),
	(79, 29, 79, 29, 1253.00, 36337.00, '2025-12-25 20:45:41'),
	(80, 30, 80, 30, 1260.00, 37800.00, '2025-12-25 20:45:41'),
	(81, 31, 81, 31, 1267.00, 39277.00, '2025-12-25 20:45:41'),
	(82, 32, 82, 32, 1274.00, 40768.00, '2025-12-25 20:45:41'),
	(83, 33, 83, 33, 1281.00, 42273.00, '2025-12-25 20:45:41'),
	(84, 34, 84, 34, 1288.00, 43792.00, '2025-12-25 20:45:41'),
	(85, 35, 85, 35, 1295.00, 45325.00, '2025-12-25 20:45:41'),
	(86, 36, 86, 36, 1302.00, 46872.00, '2025-12-25 20:45:41'),
	(87, 37, 87, 37, 1309.00, 48433.00, '2025-12-25 20:45:41'),
	(88, 38, 88, 38, 1316.00, 50008.00, '2025-12-25 20:45:41'),
	(89, 39, 89, 39, 1323.00, 51597.00, '2025-12-25 20:45:41'),
	(90, 40, 90, 10, 1330.00, 13300.00, '2025-12-25 20:45:41'),
	(91, 41, 91, 11, 1337.00, 14707.00, '2025-12-25 20:45:41'),
	(92, 42, 92, 12, 1344.00, 16128.00, '2025-12-25 20:45:41'),
	(93, 43, 93, 13, 1351.00, 17563.00, '2025-12-25 20:45:41'),
	(94, 44, 94, 14, 1358.00, 19012.00, '2025-12-25 20:45:41'),
	(95, 45, 95, 15, 1365.00, 20475.00, '2025-12-25 20:45:41'),
	(96, 46, 96, 16, 1372.00, 21952.00, '2025-12-25 20:45:41'),
	(97, 47, 97, 17, 1379.00, 23443.00, '2025-12-25 20:45:41'),
	(98, 48, 98, 18, 1386.00, 24948.00, '2025-12-25 20:45:41'),
	(99, 49, 99, 19, 1393.00, 26467.00, '2025-12-25 20:45:41'),
	(100, 50, 100, 20, 1400.00, 28000.00, '2025-12-25 20:45:41'),
	(101, 1, 101, 21, 1407.00, 29547.00, '2025-12-25 20:45:41'),
	(102, 2, 102, 22, 1414.00, 31108.00, '2025-12-25 20:45:41'),
	(103, 3, 103, 23, 1421.00, 32683.00, '2025-12-25 20:45:41'),
	(104, 4, 104, 24, 1428.00, 34272.00, '2025-12-25 20:45:41'),
	(105, 5, 105, 25, 1435.00, 35875.00, '2025-12-25 20:45:41'),
	(106, 6, 106, 26, 1442.00, 37492.00, '2025-12-25 20:45:41'),
	(107, 7, 107, 27, 1449.00, 39123.00, '2025-12-25 20:45:41'),
	(108, 8, 108, 28, 1456.00, 40768.00, '2025-12-25 20:45:41'),
	(109, 9, 109, 29, 1463.00, 42427.00, '2025-12-25 20:45:41'),
	(110, 10, 110, 30, 1470.00, 44100.00, '2025-12-25 20:45:41'),
	(111, 11, 111, 31, 1477.00, 45787.00, '2025-12-25 20:45:41'),
	(112, 12, 112, 32, 1484.00, 47488.00, '2025-12-25 20:45:41'),
	(113, 13, 113, 33, 1491.00, 49203.00, '2025-12-25 20:45:41'),
	(114, 14, 114, 34, 1498.00, 50932.00, '2025-12-25 20:45:41'),
	(115, 15, 115, 35, 1505.00, 52675.00, '2025-12-25 20:45:41'),
	(116, 16, 116, 36, 1512.00, 54432.00, '2025-12-25 20:45:41'),
	(117, 17, 117, 37, 1519.00, 56203.00, '2025-12-25 20:45:41'),
	(118, 18, 118, 38, 1526.00, 57988.00, '2025-12-25 20:45:41'),
	(119, 19, 119, 39, 1533.00, 59787.00, '2025-12-25 20:45:41'),
	(120, 20, 120, 10, 1540.00, 15400.00, '2025-12-25 20:45:41'),
	(121, 21, 121, 11, 1547.00, 17017.00, '2025-12-25 20:45:41'),
	(122, 22, 122, 12, 1554.00, 18648.00, '2025-12-25 20:45:41'),
	(123, 23, 123, 13, 1561.00, 20293.00, '2025-12-25 20:45:41'),
	(124, 24, 124, 14, 1568.00, 21952.00, '2025-12-25 20:45:41'),
	(125, 25, 125, 15, 1575.00, 23625.00, '2025-12-25 20:45:41'),
	(126, 26, 126, 16, 1582.00, 25312.00, '2025-12-25 20:45:41'),
	(127, 27, 127, 17, 1589.00, 27013.00, '2025-12-25 20:45:41'),
	(128, 28, 128, 18, 1596.00, 28728.00, '2025-12-25 20:45:41'),
	(129, 29, 129, 19, 1603.00, 30457.00, '2025-12-25 20:45:41'),
	(130, 30, 130, 20, 1610.00, 32200.00, '2025-12-25 20:45:41'),
	(131, 31, 131, 21, 1617.00, 33957.00, '2025-12-25 20:45:41'),
	(132, 32, 132, 22, 1624.00, 35728.00, '2025-12-25 20:45:41'),
	(133, 33, 133, 23, 1631.00, 37513.00, '2025-12-25 20:45:41'),
	(134, 34, 134, 24, 1638.00, 39312.00, '2025-12-25 20:45:41'),
	(135, 35, 135, 25, 1645.00, 41125.00, '2025-12-25 20:45:41'),
	(136, 36, 136, 26, 1652.00, 42952.00, '2025-12-25 20:45:41'),
	(137, 37, 137, 27, 1659.00, 44793.00, '2025-12-25 20:45:41'),
	(138, 38, 138, 28, 1666.00, 46648.00, '2025-12-25 20:45:41'),
	(139, 39, 139, 29, 1673.00, 48517.00, '2025-12-25 20:45:41'),
	(140, 40, 140, 30, 1680.00, 50400.00, '2025-12-25 20:45:41'),
	(141, 41, 141, 31, 1687.00, 52297.00, '2025-12-25 20:45:41'),
	(142, 42, 142, 32, 1694.00, 54208.00, '2025-12-25 20:45:41'),
	(143, 43, 143, 33, 1701.00, 56133.00, '2025-12-25 20:45:41'),
	(144, 44, 144, 34, 1708.00, 58072.00, '2025-12-25 20:45:41'),
	(145, 45, 145, 35, 1715.00, 60025.00, '2025-12-25 20:45:41'),
	(146, 46, 146, 36, 1722.00, 61992.00, '2025-12-25 20:45:41'),
	(147, 47, 147, 37, 1729.00, 63973.00, '2025-12-25 20:45:41'),
	(148, 48, 148, 38, 1736.00, 65968.00, '2025-12-25 20:45:41'),
	(149, 49, 149, 39, 1743.00, 67977.00, '2025-12-25 20:45:41'),
	(150, 50, 150, 10, 1750.00, 17500.00, '2025-12-25 20:45:41');

-- Dumping structure for function quan_ly_nha_thuoc.fn_tinh_thanh_tien
DELIMITER //
CREATE FUNCTION `fn_tinh_thanh_tien`(p_so_luong INT,
  p_don_gia DECIMAL(18,2),
  p_giam_gia DECIMAL(5,2)
) RETURNS decimal(18,2)
    DETERMINISTIC
BEGIN
  DECLARE v_kq DECIMAL(18,2);
  -- Nếu giảm giá không hợp lệ thì coi như 0 (CASE WHEN)
  SET p_giam_gia =
    CASE
      WHEN p_giam_gia < 0 OR p_giam_gia > 100 THEN 0
      ELSE p_giam_gia
    END;

  SET v_kq = (p_so_luong * p_don_gia) * (1 - (p_giam_gia/100));
  RETURN v_kq;
END//
DELIMITER ;

-- Dumping structure for table quan_ly_nha_thuoc.hoa_don
CREATE TABLE IF NOT EXISTS `hoa_don` (
  `id_hoa_don` bigint(20) unsigned NOT NULL AUTO_INCREMENT,
  `ma_hoa_don` varchar(40) NOT NULL,
  `thoi_gian` datetime NOT NULL DEFAULT current_timestamp(),
  `id_nhan_vien` bigint(20) unsigned NOT NULL,
  `tong_tien` decimal(18,2) NOT NULL DEFAULT 0.00,
  `phuong_thuc_thanh_toan` enum('TIEN_MAT','CHUYEN_KHOAN','THE','VI_DIEN_TU','KHAC') NOT NULL DEFAULT 'TIEN_MAT',
  `ghi_chu` varchar(255) DEFAULT NULL,
  `tao_luc` datetime NOT NULL DEFAULT current_timestamp(),
  PRIMARY KEY (`id_hoa_don`),
  UNIQUE KEY `uq_hoa_don_ma` (`ma_hoa_don`),
  KEY `idx_hoa_don_nv` (`id_nhan_vien`),
  KEY `idx_hoa_don_thoi_gian` (`thoi_gian`),
  CONSTRAINT `fk_hoa_don_nv` FOREIGN KEY (`id_nhan_vien`) REFERENCES `nguoi_dung` (`id_nguoi_dung`) ON UPDATE CASCADE
) ENGINE=InnoDB AUTO_INCREMENT=81 DEFAULT CHARSET=utf8mb4 COLLATE=utf8mb4_unicode_ci COMMENT='Hoá đơn (header)';

-- Dumping data for table quan_ly_nha_thuoc.hoa_don: ~80 rows (approximately)
REPLACE INTO `hoa_don` (`id_hoa_don`, `ma_hoa_don`, `thoi_gian`, `id_nhan_vien`, `tong_tien`, `phuong_thuc_thanh_toan`, `ghi_chu`, `tao_luc`) VALUES
	(1, 'HD20251225-0001', '2025-12-25 20:30:41', 5, 14660.00, 'CHUYEN_KHOAN', 'Seed hoa don', '2025-12-25 20:45:41'),
	(2, 'HD20251225-0002', '2025-12-25 20:15:41', 6, 12320.00, 'THE', 'Seed hoa don', '2025-12-25 20:45:41'),
	(3, 'HD20251225-0003', '2025-12-25 20:00:41', 4, 14780.00, 'VI_DIEN_TU', 'Seed hoa don', '2025-12-25 20:45:41'),
	(4, 'HD20251225-0004', '2025-12-25 19:45:41', 5, 14840.00, 'TIEN_MAT', 'Seed hoa don', '2025-12-25 20:45:41'),
	(5, 'HD20251225-0005', '2025-12-25 19:30:41', 6, 12342.50, 'CHUYEN_KHOAN', 'Seed hoa don', '2025-12-25 20:45:41'),
	(6, 'HD20251225-0006', '2025-12-25 19:15:41', 4, 14960.00, 'THE', 'Seed hoa don', '2025-12-25 20:45:41'),
	(7, 'HD20251225-0007', '2025-12-25 19:00:41', 5, 15020.00, 'VI_DIEN_TU', 'Seed hoa don', '2025-12-25 20:45:41'),
	(8, 'HD20251225-0008', '2025-12-25 18:45:41', 6, 12680.00, 'TIEN_MAT', 'Seed hoa don', '2025-12-25 20:45:41'),
	(9, 'HD20251225-0009', '2025-12-25 18:30:41', 4, 15140.00, 'CHUYEN_KHOAN', 'Seed hoa don', '2025-12-25 20:45:41'),
	(10, 'HD20251225-0010', '2025-12-25 18:15:41', 5, 13680.00, 'THE', 'Seed hoa don', '2025-12-25 20:45:41'),
	(11, 'HD20251225-0011', '2025-12-25 18:00:41', 6, 12860.00, 'VI_DIEN_TU', 'Seed hoa don', '2025-12-25 20:45:41'),
	(12, 'HD20251225-0012', '2025-12-25 17:45:41', 4, 15320.00, 'TIEN_MAT', 'Seed hoa don', '2025-12-25 20:45:41'),
	(13, 'HD20251225-0013', '2025-12-25 17:30:41', 5, 15380.00, 'CHUYEN_KHOAN', 'Seed hoa don', '2025-12-25 20:45:41'),
	(14, 'HD20251225-0014', '2025-12-25 17:15:41', 6, 13040.00, 'THE', 'Seed hoa don', '2025-12-25 20:45:41'),
	(15, 'HD20251225-0015', '2025-12-25 17:00:41', 4, 15417.50, 'VI_DIEN_TU', 'Seed hoa don', '2025-12-25 20:45:41'),
	(16, 'HD20251225-0016', '2025-12-25 16:45:41', 5, 15560.00, 'TIEN_MAT', 'Seed hoa don', '2025-12-25 20:45:41'),
	(17, 'HD20251225-0017', '2025-12-25 16:30:41', 6, 13220.00, 'CHUYEN_KHOAN', 'Seed hoa don', '2025-12-25 20:45:41'),
	(18, 'HD20251225-0018', '2025-12-25 16:15:41', 4, 15680.00, 'THE', 'Seed hoa don', '2025-12-25 20:45:41'),
	(19, 'HD20251225-0019', '2025-12-25 16:00:41', 5, 15740.00, 'VI_DIEN_TU', 'Seed hoa don', '2025-12-25 20:45:41'),
	(20, 'HD20251225-0020', '2025-12-25 15:45:41', 6, 12060.00, 'TIEN_MAT', 'Seed hoa don', '2025-12-25 20:45:41'),
	(21, 'HD20251225-0021', '2025-12-25 15:30:41', 4, 15860.00, 'CHUYEN_KHOAN', 'Seed hoa don', '2025-12-25 20:45:41'),
	(22, 'HD20251225-0022', '2025-12-25 15:15:41', 5, 15920.00, 'THE', 'Seed hoa don', '2025-12-25 20:45:41'),
	(23, 'HD20251225-0023', '2025-12-25 15:00:41', 6, 13580.00, 'VI_DIEN_TU', 'Seed hoa don', '2025-12-25 20:45:41'),
	(24, 'HD20251225-0024', '2025-12-25 14:45:41', 4, 16040.00, 'TIEN_MAT', 'Seed hoa don', '2025-12-25 20:45:41'),
	(25, 'HD20251225-0025', '2025-12-25 14:30:41', 5, 15972.50, 'CHUYEN_KHOAN', 'Seed hoa don', '2025-12-25 20:45:41'),
	(26, 'HD20251225-0026', '2025-12-25 14:15:41', 6, 13760.00, 'THE', 'Seed hoa don', '2025-12-25 20:45:41'),
	(27, 'HD20251225-0027', '2025-12-25 14:00:41', 4, 16220.00, 'VI_DIEN_TU', 'Seed hoa don', '2025-12-25 20:45:41'),
	(28, 'HD20251225-0028', '2025-12-25 13:45:41', 5, 16280.00, 'TIEN_MAT', 'Seed hoa don', '2025-12-25 20:45:41'),
	(29, 'HD20251225-0029', '2025-12-25 13:30:41', 6, 13940.00, 'CHUYEN_KHOAN', 'Seed hoa don', '2025-12-25 20:45:41'),
	(30, 'HD20251225-0030', '2025-12-25 13:15:41', 4, 14760.00, 'THE', 'Seed hoa don', '2025-12-25 20:45:41'),
	(31, 'HD20251225-0031', '2025-12-25 13:00:41', 5, 16460.00, 'VI_DIEN_TU', 'Seed hoa don', '2025-12-25 20:45:41'),
	(32, 'HD20251225-0032', '2025-12-25 12:45:41', 6, 14120.00, 'TIEN_MAT', 'Seed hoa don', '2025-12-25 20:45:41'),
	(33, 'HD20251225-0033', '2025-12-25 12:30:41', 4, 16580.00, 'CHUYEN_KHOAN', 'Seed hoa don', '2025-12-25 20:45:41'),
	(34, 'HD20251225-0034', '2025-12-25 12:15:41', 5, 16640.00, 'THE', 'Seed hoa don', '2025-12-25 20:45:41'),
	(35, 'HD20251225-0035', '2025-12-25 12:00:41', 6, 14127.50, 'VI_DIEN_TU', 'Seed hoa don', '2025-12-25 20:45:41'),
	(36, 'HD20251225-0036', '2025-12-25 11:45:41', 4, 16760.00, 'TIEN_MAT', 'Seed hoa don', '2025-12-25 20:45:41'),
	(37, 'HD20251225-0037', '2025-12-25 11:30:41', 5, 16820.00, 'CHUYEN_KHOAN', 'Seed hoa don', '2025-12-25 20:45:41'),
	(38, 'HD20251225-0038', '2025-12-25 11:15:41', 6, 14480.00, 'THE', 'Seed hoa don', '2025-12-25 20:45:41'),
	(39, 'HD20251225-0039', '2025-12-25 11:00:41', 4, 16940.00, 'VI_DIEN_TU', 'Seed hoa don', '2025-12-25 20:45:41'),
	(40, 'HD20251225-0040', '2025-12-25 10:45:41', 5, 15300.00, 'TIEN_MAT', 'Seed hoa don', '2025-12-25 20:45:41'),
	(41, 'HD20251225-0041', '2025-12-25 10:30:41', 6, 14660.00, 'CHUYEN_KHOAN', 'Seed hoa don', '2025-12-25 20:45:41'),
	(42, 'HD20251225-0042', '2025-12-25 10:15:41', 4, 17120.00, 'THE', 'Seed hoa don', '2025-12-25 20:45:41'),
	(43, 'HD20251225-0043', '2025-12-25 10:00:41', 5, 17180.00, 'VI_DIEN_TU', 'Seed hoa don', '2025-12-25 20:45:41'),
	(44, 'HD20251225-0044', '2025-12-25 09:45:41', 6, 14840.00, 'TIEN_MAT', 'Seed hoa don', '2025-12-25 20:45:41'),
	(45, 'HD20251225-0045', '2025-12-25 09:30:41', 4, 17202.50, 'CHUYEN_KHOAN', 'Seed hoa don', '2025-12-25 20:45:41'),
	(46, 'HD20251225-0046', '2025-12-25 09:15:41', 5, 17360.00, 'THE', 'Seed hoa don', '2025-12-25 20:45:41'),
	(47, 'HD20251225-0047', '2025-12-25 09:00:41', 6, 15020.00, 'VI_DIEN_TU', 'Seed hoa don', '2025-12-25 20:45:41'),
	(48, 'HD20251225-0048', '2025-12-25 08:45:41', 4, 17480.00, 'TIEN_MAT', 'Seed hoa don', '2025-12-25 20:45:41'),
	(49, 'HD20251225-0049', '2025-12-25 08:30:41', 5, 17540.00, 'CHUYEN_KHOAN', 'Seed hoa don', '2025-12-25 20:45:41'),
	(50, 'HD20251225-0050', '2025-12-25 08:15:41', 6, 13680.00, 'THE', 'Seed hoa don', '2025-12-25 20:45:41'),
	(51, 'HD20251225-0051', '2025-12-25 08:00:41', 4, 17660.00, 'VI_DIEN_TU', 'Seed hoa don', '2025-12-25 20:45:41'),
	(52, 'HD20251225-0052', '2025-12-25 07:45:41', 5, 17720.00, 'TIEN_MAT', 'Seed hoa don', '2025-12-25 20:45:41'),
	(53, 'HD20251225-0053', '2025-12-25 07:30:41', 6, 15380.00, 'CHUYEN_KHOAN', 'Seed hoa don', '2025-12-25 20:45:41'),
	(54, 'HD20251225-0054', '2025-12-25 07:15:41', 4, 17840.00, 'THE', 'Seed hoa don', '2025-12-25 20:45:41'),
	(55, 'HD20251225-0055', '2025-12-25 07:00:41', 5, 17757.50, 'VI_DIEN_TU', 'Seed hoa don', '2025-12-25 20:45:41'),
	(56, 'HD20251225-0056', '2025-12-25 06:45:41', 6, 15560.00, 'TIEN_MAT', 'Seed hoa don', '2025-12-25 20:45:41'),
	(57, 'HD20251225-0057', '2025-12-25 06:30:41', 4, 18020.00, 'CHUYEN_KHOAN', 'Seed hoa don', '2025-12-25 20:45:41'),
	(58, 'HD20251225-0058', '2025-12-25 06:15:41', 5, 18080.00, 'THE', 'Seed hoa don', '2025-12-25 20:45:41'),
	(59, 'HD20251225-0059', '2025-12-25 06:00:41', 6, 15740.00, 'VI_DIEN_TU', 'Seed hoa don', '2025-12-25 20:45:41'),
	(60, 'HD20251225-0060', '2025-12-25 05:45:41', 4, 16380.00, 'TIEN_MAT', 'Seed hoa don', '2025-12-25 20:45:41'),
	(61, 'HD20251225-0061', '2025-12-25 05:30:41', 5, 18260.00, 'CHUYEN_KHOAN', 'Seed hoa don', '2025-12-25 20:45:41'),
	(62, 'HD20251225-0062', '2025-12-25 05:15:41', 6, 15920.00, 'THE', 'Seed hoa don', '2025-12-25 20:45:41'),
	(63, 'HD20251225-0063', '2025-12-25 05:00:41', 4, 18380.00, 'VI_DIEN_TU', 'Seed hoa don', '2025-12-25 20:45:41'),
	(64, 'HD20251225-0064', '2025-12-25 04:45:41', 5, 18440.00, 'TIEN_MAT', 'Seed hoa don', '2025-12-25 20:45:41'),
	(65, 'HD20251225-0065', '2025-12-25 04:30:41', 6, 15912.50, 'CHUYEN_KHOAN', 'Seed hoa don', '2025-12-25 20:45:41'),
	(66, 'HD20251225-0066', '2025-12-25 04:15:41', 4, 18560.00, 'THE', 'Seed hoa don', '2025-12-25 20:45:41'),
	(67, 'HD20251225-0067', '2025-12-25 04:00:41', 5, 18620.00, 'VI_DIEN_TU', 'Seed hoa don', '2025-12-25 20:45:41'),
	(68, 'HD20251225-0068', '2025-12-25 03:45:41', 6, 16280.00, 'TIEN_MAT', 'Seed hoa don', '2025-12-25 20:45:41'),
	(69, 'HD20251225-0069', '2025-12-25 03:30:41', 4, 18740.00, 'CHUYEN_KHOAN', 'Seed hoa don', '2025-12-25 20:45:41'),
	(70, 'HD20251225-0070', '2025-12-25 03:15:41', 5, 16920.00, 'THE', 'Seed hoa don', '2025-12-25 20:45:41'),
	(71, 'HD20251225-0071', '2025-12-25 03:00:41', 6, 16460.00, 'VI_DIEN_TU', 'Seed hoa don', '2025-12-25 20:45:41'),
	(72, 'HD20251225-0072', '2025-12-25 02:45:41', 4, 18920.00, 'TIEN_MAT', 'Seed hoa don', '2025-12-25 20:45:41'),
	(73, 'HD20251225-0073', '2025-12-25 02:30:41', 5, 18980.00, 'CHUYEN_KHOAN', 'Seed hoa don', '2025-12-25 20:45:41'),
	(74, 'HD20251225-0074', '2025-12-25 02:15:41', 6, 16640.00, 'THE', 'Seed hoa don', '2025-12-25 20:45:41'),
	(75, 'HD20251225-0075', '2025-12-25 02:00:41', 4, 18987.50, 'VI_DIEN_TU', 'Seed hoa don', '2025-12-25 20:45:41'),
	(76, 'HD20251225-0076', '2025-12-25 01:45:41', 5, 19160.00, 'TIEN_MAT', 'Seed hoa don', '2025-12-25 20:45:41'),
	(77, 'HD20251225-0077', '2025-12-25 01:30:41', 6, 16820.00, 'CHUYEN_KHOAN', 'Seed hoa don', '2025-12-25 20:45:41'),
	(78, 'HD20251225-0078', '2025-12-25 01:15:41', 4, 19280.00, 'THE', 'Seed hoa don', '2025-12-25 20:45:41'),
	(79, 'HD20251225-0079', '2025-12-25 01:00:41', 5, 19340.00, 'VI_DIEN_TU', 'Seed hoa don', '2025-12-25 20:45:41'),
	(80, 'HD20251225-0080', '2025-12-25 00:45:41', 6, 15300.00, 'TIEN_MAT', 'Seed hoa don', '2025-12-25 20:45:41');

-- Dumping structure for table quan_ly_nha_thuoc.lo_thuoc
CREATE TABLE IF NOT EXISTS `lo_thuoc` (
  `id_lo_thuoc` bigint(20) unsigned NOT NULL AUTO_INCREMENT,
  `id_thuoc` bigint(20) unsigned NOT NULL,
  `id_cong_ty_cung_cap` bigint(20) unsigned DEFAULT NULL COMMENT 'FK -> cong_ty (NCC)',
  `so_lo` varchar(60) NOT NULL,
  `ngay_san_xuat` date NOT NULL,
  `han_su_dung` date NOT NULL,
  `gia_nhap` decimal(18,2) NOT NULL DEFAULT 0.00,
  `so_luong_ton` int(11) NOT NULL DEFAULT 0 COMMENT '>=0',
  `ghi_chu` varchar(255) DEFAULT NULL,
  `tao_luc` datetime NOT NULL DEFAULT current_timestamp(),
  `cap_nhat_luc` datetime NOT NULL DEFAULT current_timestamp() ON UPDATE current_timestamp(),
  PRIMARY KEY (`id_lo_thuoc`),
  UNIQUE KEY `uq_lo_thuoc_duy_nhat` (`id_thuoc`,`so_lo`,`ngay_san_xuat`,`han_su_dung`),
  KEY `idx_lo_thuoc_thuoc` (`id_thuoc`),
  KEY `idx_lo_thuoc_ncc` (`id_cong_ty_cung_cap`),
  CONSTRAINT `fk_lo_thuoc_cong_ty_ncc` FOREIGN KEY (`id_cong_ty_cung_cap`) REFERENCES `cong_ty` (`id_cong_ty`) ON DELETE SET NULL ON UPDATE CASCADE,
  CONSTRAINT `fk_lo_thuoc_thuoc` FOREIGN KEY (`id_thuoc`) REFERENCES `thuoc` (`id_thuoc`) ON UPDATE CASCADE,
  CONSTRAINT `ck_lo_thuoc_ton_kho` CHECK (`so_luong_ton` >= 0),
  CONSTRAINT `ck_lo_thuoc_ngay` CHECK (`han_su_dung` > `ngay_san_xuat`)
) ENGINE=InnoDB AUTO_INCREMENT=301 DEFAULT CHARSET=utf8mb4 COLLATE=utf8mb4_unicode_ci COMMENT='Lô thuốc: quản lý hạn dùng và tồn kho';

-- Dumping data for table quan_ly_nha_thuoc.lo_thuoc: ~0 rows (approximately)
REPLACE INTO `lo_thuoc` (`id_lo_thuoc`, `id_thuoc`, `id_cong_ty_cung_cap`, `so_lo`, `ngay_san_xuat`, `han_su_dung`, `gia_nhap`, `so_luong_ton`, `ghi_chu`, `tao_luc`, `cap_nhat_luc`) VALUES
	(1, 1, 6, 'LO000001', '2025-11-24', '2026-12-26', 810.00, 209, 'Seed lo_thuoc', '2025-12-25 20:45:40', '2025-12-25 20:45:41'),
	(2, 2, 7, 'LO000002', '2025-11-23', '2026-12-27', 820.00, 209, 'Seed lo_thuoc', '2025-12-25 20:45:41', '2025-12-25 20:45:41'),
	(3, 3, 8, 'LO000003', '2025-11-22', '2026-12-28', 830.00, 212, 'Seed lo_thuoc', '2025-12-25 20:45:41', '2025-12-25 20:45:41'),
	(4, 4, 9, 'LO000004', '2025-11-21', '2026-12-29', 840.00, 212, 'Seed lo_thuoc', '2025-12-25 20:45:41', '2025-12-25 20:45:41'),
	(5, 5, 10, 'LO000005', '2025-11-20', '2026-12-30', 850.00, 212, 'Seed lo_thuoc', '2025-12-25 20:45:41', '2025-12-25 20:45:41'),
	(6, 6, 6, 'LO000006', '2025-11-19', '2026-12-31', 860.00, 215, 'Seed lo_thuoc', '2025-12-25 20:45:41', '2025-12-25 20:45:41'),
	(7, 7, 7, 'LO000007', '2025-11-18', '2027-01-01', 870.00, 215, 'Seed lo_thuoc', '2025-12-25 20:45:41', '2025-12-25 20:45:41'),
	(8, 8, 8, 'LO000008', '2025-11-17', '2027-01-02', 880.00, 215, 'Seed lo_thuoc', '2025-12-25 20:45:41', '2025-12-25 20:45:41'),
	(9, 9, 9, 'LO000009', '2025-11-16', '2027-01-03', 890.00, 218, 'Seed lo_thuoc', '2025-12-25 20:45:41', '2025-12-25 20:45:41'),
	(10, 10, 10, 'LO000010', '2025-11-15', '2027-01-04', 900.00, 218, 'Seed lo_thuoc', '2025-12-25 20:45:41', '2025-12-25 20:45:41'),
	(11, 11, 6, 'LO000011', '2025-11-14', '2027-01-05', 910.00, 218, 'Seed lo_thuoc', '2025-12-25 20:45:41', '2025-12-25 20:45:41'),
	(12, 12, 7, 'LO000012', '2025-11-13', '2027-01-06', 920.00, 221, 'Seed lo_thuoc', '2025-12-25 20:45:41', '2025-12-25 20:45:41'),
	(13, 13, 8, 'LO000013', '2025-11-12', '2027-01-07', 930.00, 221, 'Seed lo_thuoc', '2025-12-25 20:45:41', '2025-12-25 20:45:41'),
	(14, 14, 9, 'LO000014', '2025-11-11', '2027-01-08', 940.00, 221, 'Seed lo_thuoc', '2025-12-25 20:45:41', '2025-12-25 20:45:41'),
	(15, 15, 10, 'LO000015', '2025-11-10', '2027-01-09', 950.00, 224, 'Seed lo_thuoc', '2025-12-25 20:45:41', '2025-12-25 20:45:41'),
	(16, 16, 6, 'LO000016', '2025-11-09', '2027-01-10', 960.00, 224, 'Seed lo_thuoc', '2025-12-25 20:45:41', '2025-12-25 20:45:41'),
	(17, 17, 7, 'LO000017', '2025-11-08', '2027-01-11', 970.00, 224, 'Seed lo_thuoc', '2025-12-25 20:45:41', '2025-12-25 20:45:41'),
	(18, 18, 8, 'LO000018', '2025-11-07', '2027-01-12', 980.00, 227, 'Seed lo_thuoc', '2025-12-25 20:45:41', '2025-12-25 20:45:41'),
	(19, 19, 9, 'LO000019', '2025-11-06', '2027-01-13', 990.00, 227, 'Seed lo_thuoc', '2025-12-25 20:45:41', '2025-12-25 20:45:41'),
	(20, 20, 10, 'LO000020', '2025-11-05', '2027-01-14', 1000.00, 227, 'Seed lo_thuoc', '2025-12-25 20:45:41', '2025-12-25 20:45:41'),
	(21, 21, 6, 'LO000021', '2025-11-04', '2027-01-15', 1010.00, 230, 'Seed lo_thuoc', '2025-12-25 20:45:41', '2025-12-25 20:45:41'),
	(22, 22, 7, 'LO000022', '2025-11-03', '2027-01-16', 1020.00, 230, 'Seed lo_thuoc', '2025-12-25 20:45:41', '2025-12-25 20:45:41'),
	(23, 23, 8, 'LO000023', '2025-11-02', '2027-01-17', 1030.00, 230, 'Seed lo_thuoc', '2025-12-25 20:45:41', '2025-12-25 20:45:41'),
	(24, 24, 9, 'LO000024', '2025-11-01', '2027-01-18', 1040.00, 233, 'Seed lo_thuoc', '2025-12-25 20:45:41', '2025-12-25 20:45:41'),
	(25, 25, 10, 'LO000025', '2025-10-31', '2027-01-19', 1050.00, 233, 'Seed lo_thuoc', '2025-12-25 20:45:41', '2025-12-25 20:45:41'),
	(26, 26, 6, 'LO000026', '2025-10-30', '2027-01-20', 1060.00, 233, 'Seed lo_thuoc', '2025-12-25 20:45:41', '2025-12-25 20:45:41'),
	(27, 27, 7, 'LO000027', '2025-10-29', '2027-01-21', 1070.00, 236, 'Seed lo_thuoc', '2025-12-25 20:45:41', '2025-12-25 20:45:41'),
	(28, 28, 8, 'LO000028', '2025-10-28', '2027-01-22', 1080.00, 236, 'Seed lo_thuoc', '2025-12-25 20:45:41', '2025-12-25 20:45:41'),
	(29, 29, 9, 'LO000029', '2025-10-27', '2027-01-23', 1090.00, 236, 'Seed lo_thuoc', '2025-12-25 20:45:41', '2025-12-25 20:45:41'),
	(30, 30, 10, 'LO000030', '2025-10-26', '2027-01-24', 1100.00, 209, 'Seed lo_thuoc', '2025-12-25 20:45:41', '2025-12-25 20:45:41'),
	(31, 31, 6, 'LO000031', '2025-10-25', '2027-01-25', 1110.00, 209, 'Seed lo_thuoc', '2025-12-25 20:45:41', '2025-12-25 20:45:41'),
	(32, 32, 7, 'LO000032', '2025-10-24', '2027-01-26', 1120.00, 209, 'Seed lo_thuoc', '2025-12-25 20:45:41', '2025-12-25 20:45:41'),
	(33, 33, 8, 'LO000033', '2025-10-23', '2027-01-27', 1130.00, 212, 'Seed lo_thuoc', '2025-12-25 20:45:41', '2025-12-25 20:45:41'),
	(34, 34, 9, 'LO000034', '2025-10-22', '2027-01-28', 1140.00, 212, 'Seed lo_thuoc', '2025-12-25 20:45:41', '2025-12-25 20:45:41'),
	(35, 35, 10, 'LO000035', '2025-10-21', '2027-01-29', 1150.00, 212, 'Seed lo_thuoc', '2025-12-25 20:45:41', '2025-12-25 20:45:41'),
	(36, 36, 6, 'LO000036', '2025-10-20', '2027-01-30', 1160.00, 215, 'Seed lo_thuoc', '2025-12-25 20:45:41', '2025-12-25 20:45:41'),
	(37, 37, 7, 'LO000037', '2025-10-19', '2027-01-31', 1170.00, 215, 'Seed lo_thuoc', '2025-12-25 20:45:41', '2025-12-25 20:45:41'),
	(38, 38, 8, 'LO000038', '2025-10-18', '2027-02-01', 1180.00, 215, 'Seed lo_thuoc', '2025-12-25 20:45:41', '2025-12-25 20:45:41'),
	(39, 39, 9, 'LO000039', '2025-10-17', '2027-02-02', 1190.00, 218, 'Seed lo_thuoc', '2025-12-25 20:45:41', '2025-12-25 20:45:41'),
	(40, 40, 10, 'LO000040', '2025-10-16', '2027-02-03', 1200.00, 218, 'Seed lo_thuoc', '2025-12-25 20:45:41', '2025-12-25 20:45:41'),
	(41, 41, 6, 'LO000041', '2025-10-15', '2027-02-04', 1210.00, 218, 'Seed lo_thuoc', '2025-12-25 20:45:41', '2025-12-25 20:45:41'),
	(42, 42, 7, 'LO000042', '2025-10-14', '2027-02-05', 1220.00, 221, 'Seed lo_thuoc', '2025-12-25 20:45:41', '2025-12-25 20:45:41'),
	(43, 43, 8, 'LO000043', '2025-10-13', '2027-02-06', 1230.00, 221, 'Seed lo_thuoc', '2025-12-25 20:45:41', '2025-12-25 20:45:41'),
	(44, 44, 9, 'LO000044', '2025-10-12', '2027-02-07', 1240.00, 221, 'Seed lo_thuoc', '2025-12-25 20:45:41', '2025-12-25 20:45:41'),
	(45, 45, 10, 'LO000045', '2025-10-11', '2027-02-08', 1250.00, 224, 'Seed lo_thuoc', '2025-12-25 20:45:41', '2025-12-25 20:45:41'),
	(46, 46, 6, 'LO000046', '2025-10-10', '2027-02-09', 1260.00, 224, 'Seed lo_thuoc', '2025-12-25 20:45:41', '2025-12-25 20:45:41'),
	(47, 47, 7, 'LO000047', '2025-10-09', '2027-02-10', 1270.00, 224, 'Seed lo_thuoc', '2025-12-25 20:45:41', '2025-12-25 20:45:41'),
	(48, 48, 8, 'LO000048', '2025-10-08', '2027-02-11', 1280.00, 227, 'Seed lo_thuoc', '2025-12-25 20:45:41', '2025-12-25 20:45:41'),
	(49, 49, 9, 'LO000049', '2025-10-07', '2027-02-12', 1290.00, 227, 'Seed lo_thuoc', '2025-12-25 20:45:41', '2025-12-25 20:45:41'),
	(50, 50, 10, 'LO000050', '2025-10-06', '2027-02-13', 1300.00, 227, 'Seed lo_thuoc', '2025-12-25 20:45:41', '2025-12-25 20:45:41'),
	(51, 51, 6, 'LO000051', '2025-10-05', '2027-02-14', 1310.00, 230, 'Seed lo_thuoc', '2025-12-25 20:45:41', '2025-12-25 20:45:41'),
	(52, 52, 7, 'LO000052', '2025-10-04', '2027-02-15', 1320.00, 230, 'Seed lo_thuoc', '2025-12-25 20:45:41', '2025-12-25 20:45:41'),
	(53, 53, 8, 'LO000053', '2025-10-03', '2027-02-16', 1330.00, 230, 'Seed lo_thuoc', '2025-12-25 20:45:41', '2025-12-25 20:45:41'),
	(54, 54, 9, 'LO000054', '2025-10-02', '2027-02-17', 1340.00, 233, 'Seed lo_thuoc', '2025-12-25 20:45:41', '2025-12-25 20:45:41'),
	(55, 55, 10, 'LO000055', '2025-10-01', '2027-02-18', 1350.00, 233, 'Seed lo_thuoc', '2025-12-25 20:45:41', '2025-12-25 20:45:41'),
	(56, 56, 6, 'LO000056', '2025-09-30', '2027-02-19', 1360.00, 233, 'Seed lo_thuoc', '2025-12-25 20:45:41', '2025-12-25 20:45:41'),
	(57, 57, 7, 'LO000057', '2025-09-29', '2027-02-20', 1370.00, 236, 'Seed lo_thuoc', '2025-12-25 20:45:41', '2025-12-25 20:45:41'),
	(58, 58, 8, 'LO000058', '2025-09-28', '2027-02-21', 1380.00, 236, 'Seed lo_thuoc', '2025-12-25 20:45:41', '2025-12-25 20:45:41'),
	(59, 59, 9, 'LO000059', '2025-09-27', '2027-02-22', 1390.00, 236, 'Seed lo_thuoc', '2025-12-25 20:45:41', '2025-12-25 20:45:41'),
	(60, 60, 10, 'LO000060', '2025-09-26', '2027-02-23', 1400.00, 209, 'Seed lo_thuoc', '2025-12-25 20:45:41', '2025-12-25 20:45:41'),
	(61, 61, 6, 'LO000061', '2025-09-25', '2027-02-24', 1410.00, 209, 'Seed lo_thuoc', '2025-12-25 20:45:41', '2025-12-25 20:45:41'),
	(62, 62, 7, 'LO000062', '2025-09-24', '2027-02-25', 1420.00, 209, 'Seed lo_thuoc', '2025-12-25 20:45:41', '2025-12-25 20:45:41'),
	(63, 63, 8, 'LO000063', '2025-09-23', '2027-02-26', 1430.00, 212, 'Seed lo_thuoc', '2025-12-25 20:45:41', '2025-12-25 20:45:41'),
	(64, 64, 9, 'LO000064', '2025-09-22', '2027-02-27', 1440.00, 212, 'Seed lo_thuoc', '2025-12-25 20:45:41', '2025-12-25 20:45:41'),
	(65, 65, 10, 'LO000065', '2025-09-21', '2027-02-28', 1450.00, 212, 'Seed lo_thuoc', '2025-12-25 20:45:41', '2025-12-25 20:45:41'),
	(66, 66, 6, 'LO000066', '2025-09-20', '2027-03-01', 1460.00, 215, 'Seed lo_thuoc', '2025-12-25 20:45:41', '2025-12-25 20:45:41'),
	(67, 67, 7, 'LO000067', '2025-09-19', '2027-03-02', 1470.00, 215, 'Seed lo_thuoc', '2025-12-25 20:45:41', '2025-12-25 20:45:41'),
	(68, 68, 8, 'LO000068', '2025-09-18', '2027-03-03', 1480.00, 215, 'Seed lo_thuoc', '2025-12-25 20:45:41', '2025-12-25 20:45:41'),
	(69, 69, 9, 'LO000069', '2025-09-17', '2027-03-04', 1490.00, 218, 'Seed lo_thuoc', '2025-12-25 20:45:41', '2025-12-25 20:45:41'),
	(70, 70, 10, 'LO000070', '2025-09-16', '2027-03-05', 1500.00, 218, 'Seed lo_thuoc', '2025-12-25 20:45:41', '2025-12-25 20:45:41'),
	(71, 71, 6, 'LO000071', '2025-09-15', '2027-03-06', 1510.00, 218, 'Seed lo_thuoc', '2025-12-25 20:45:41', '2025-12-25 20:45:41'),
	(72, 72, 7, 'LO000072', '2025-09-14', '2027-03-07', 1520.00, 221, 'Seed lo_thuoc', '2025-12-25 20:45:41', '2025-12-25 20:45:41'),
	(73, 73, 8, 'LO000073', '2025-09-13', '2027-03-08', 1530.00, 221, 'Seed lo_thuoc', '2025-12-25 20:45:41', '2025-12-25 20:45:41'),
	(74, 74, 9, 'LO000074', '2025-09-12', '2027-03-09', 1540.00, 221, 'Seed lo_thuoc', '2025-12-25 20:45:41', '2025-12-25 20:45:41'),
	(75, 75, 10, 'LO000075', '2025-09-11', '2027-03-10', 1550.00, 224, 'Seed lo_thuoc', '2025-12-25 20:45:41', '2025-12-25 20:45:41'),
	(76, 76, 6, 'LO000076', '2025-09-10', '2027-03-11', 1560.00, 224, 'Seed lo_thuoc', '2025-12-25 20:45:41', '2025-12-25 20:45:41'),
	(77, 77, 7, 'LO000077', '2025-09-09', '2027-03-12', 1570.00, 224, 'Seed lo_thuoc', '2025-12-25 20:45:41', '2025-12-25 20:45:41'),
	(78, 78, 8, 'LO000078', '2025-09-08', '2027-03-13', 1580.00, 227, 'Seed lo_thuoc', '2025-12-25 20:45:41', '2025-12-25 20:45:41'),
	(79, 79, 9, 'LO000079', '2025-09-07', '2027-03-14', 1590.00, 227, 'Seed lo_thuoc', '2025-12-25 20:45:41', '2025-12-25 20:45:41'),
	(80, 80, 10, 'LO000080', '2025-09-06', '2027-03-15', 1600.00, 227, 'Seed lo_thuoc', '2025-12-25 20:45:41', '2025-12-25 20:45:41'),
	(81, 81, 6, 'LO000081', '2025-09-05', '2027-03-16', 1610.00, 230, 'Seed lo_thuoc', '2025-12-25 20:45:41', '2025-12-25 20:45:41'),
	(82, 82, 7, 'LO000082', '2025-09-04', '2027-03-17', 1620.00, 230, 'Seed lo_thuoc', '2025-12-25 20:45:41', '2025-12-25 20:45:41'),
	(83, 83, 8, 'LO000083', '2025-09-03', '2027-03-18', 1630.00, 230, 'Seed lo_thuoc', '2025-12-25 20:45:41', '2025-12-25 20:45:41'),
	(84, 84, 9, 'LO000084', '2025-09-02', '2027-03-19', 1640.00, 233, 'Seed lo_thuoc', '2025-12-25 20:45:41', '2025-12-25 20:45:41'),
	(85, 85, 10, 'LO000085', '2025-09-01', '2027-03-20', 1650.00, 233, 'Seed lo_thuoc', '2025-12-25 20:45:41', '2025-12-25 20:45:41'),
	(86, 86, 6, 'LO000086', '2025-08-31', '2027-03-21', 1660.00, 233, 'Seed lo_thuoc', '2025-12-25 20:45:41', '2025-12-25 20:45:41'),
	(87, 87, 7, 'LO000087', '2025-08-30', '2027-03-22', 1670.00, 236, 'Seed lo_thuoc', '2025-12-25 20:45:41', '2025-12-25 20:45:41'),
	(88, 88, 8, 'LO000088', '2025-08-29', '2027-03-23', 1680.00, 236, 'Seed lo_thuoc', '2025-12-25 20:45:41', '2025-12-25 20:45:41'),
	(89, 89, 9, 'LO000089', '2025-08-28', '2027-03-24', 1690.00, 236, 'Seed lo_thuoc', '2025-12-25 20:45:41', '2025-12-25 20:45:41'),
	(90, 90, 10, 'LO000090', '2025-08-27', '2027-03-25', 1700.00, 209, 'Seed lo_thuoc', '2025-12-25 20:45:41', '2025-12-25 20:45:41'),
	(91, 91, 6, 'LO000091', '2025-08-26', '2027-03-26', 1710.00, 209, 'Seed lo_thuoc', '2025-12-25 20:45:41', '2025-12-25 20:45:41'),
	(92, 92, 7, 'LO000092', '2025-08-25', '2027-03-27', 1720.00, 209, 'Seed lo_thuoc', '2025-12-25 20:45:41', '2025-12-25 20:45:41'),
	(93, 93, 8, 'LO000093', '2025-08-24', '2027-03-28', 1730.00, 212, 'Seed lo_thuoc', '2025-12-25 20:45:41', '2025-12-25 20:45:41'),
	(94, 94, 9, 'LO000094', '2025-08-23', '2027-03-29', 1740.00, 212, 'Seed lo_thuoc', '2025-12-25 20:45:41', '2025-12-25 20:45:41'),
	(95, 95, 10, 'LO000095', '2025-08-22', '2027-03-30', 1750.00, 212, 'Seed lo_thuoc', '2025-12-25 20:45:41', '2025-12-25 20:45:41'),
	(96, 96, 6, 'LO000096', '2025-08-21', '2027-03-31', 1760.00, 215, 'Seed lo_thuoc', '2025-12-25 20:45:41', '2025-12-25 20:45:41'),
	(97, 97, 7, 'LO000097', '2025-08-20', '2027-04-01', 1770.00, 215, 'Seed lo_thuoc', '2025-12-25 20:45:41', '2025-12-25 20:45:41'),
	(98, 98, 8, 'LO000098', '2025-08-19', '2027-04-02', 1780.00, 215, 'Seed lo_thuoc', '2025-12-25 20:45:41', '2025-12-25 20:45:41'),
	(99, 99, 9, 'LO000099', '2025-08-18', '2027-04-03', 1790.00, 218, 'Seed lo_thuoc', '2025-12-25 20:45:41', '2025-12-25 20:45:41'),
	(100, 100, 10, 'LO000100', '2025-08-17', '2027-04-04', 1800.00, 218, 'Seed lo_thuoc', '2025-12-25 20:45:41', '2025-12-25 20:45:41'),
	(101, 101, 6, 'LO000101', '2025-08-16', '2027-04-05', 1810.00, 218, 'Seed lo_thuoc', '2025-12-25 20:45:41', '2025-12-25 20:45:41'),
	(102, 102, 7, 'LO000102', '2025-08-15', '2027-04-06', 1820.00, 221, 'Seed lo_thuoc', '2025-12-25 20:45:41', '2025-12-25 20:45:41'),
	(103, 103, 8, 'LO000103', '2025-08-14', '2027-04-07', 1830.00, 221, 'Seed lo_thuoc', '2025-12-25 20:45:41', '2025-12-25 20:45:41'),
	(104, 104, 9, 'LO000104', '2025-08-13', '2027-04-08', 1840.00, 221, 'Seed lo_thuoc', '2025-12-25 20:45:41', '2025-12-25 20:45:41'),
	(105, 105, 10, 'LO000105', '2025-08-12', '2027-04-09', 1850.00, 224, 'Seed lo_thuoc', '2025-12-25 20:45:41', '2025-12-25 20:45:41'),
	(106, 106, 6, 'LO000106', '2025-08-11', '2027-04-10', 1860.00, 224, 'Seed lo_thuoc', '2025-12-25 20:45:41', '2025-12-25 20:45:41'),
	(107, 107, 7, 'LO000107', '2025-08-10', '2027-04-11', 1870.00, 224, 'Seed lo_thuoc', '2025-12-25 20:45:41', '2025-12-25 20:45:41'),
	(108, 108, 8, 'LO000108', '2025-08-09', '2027-04-12', 1880.00, 227, 'Seed lo_thuoc', '2025-12-25 20:45:41', '2025-12-25 20:45:41'),
	(109, 109, 9, 'LO000109', '2025-08-08', '2027-04-13', 1890.00, 227, 'Seed lo_thuoc', '2025-12-25 20:45:41', '2025-12-25 20:45:41'),
	(110, 110, 10, 'LO000110', '2025-08-07', '2027-04-14', 1900.00, 227, 'Seed lo_thuoc', '2025-12-25 20:45:41', '2025-12-25 20:45:41'),
	(111, 111, 6, 'LO000111', '2025-08-06', '2027-04-15', 1910.00, 230, 'Seed lo_thuoc', '2025-12-25 20:45:41', '2025-12-25 20:45:41'),
	(112, 112, 7, 'LO000112', '2025-08-05', '2027-04-16', 1920.00, 230, 'Seed lo_thuoc', '2025-12-25 20:45:41', '2025-12-25 20:45:41'),
	(113, 113, 8, 'LO000113', '2025-08-04', '2027-04-17', 1930.00, 230, 'Seed lo_thuoc', '2025-12-25 20:45:41', '2025-12-25 20:45:41'),
	(114, 114, 9, 'LO000114', '2025-08-03', '2027-04-18', 1940.00, 233, 'Seed lo_thuoc', '2025-12-25 20:45:41', '2025-12-25 20:45:41'),
	(115, 115, 10, 'LO000115', '2025-08-02', '2027-04-19', 1950.00, 233, 'Seed lo_thuoc', '2025-12-25 20:45:41', '2025-12-25 20:45:41'),
	(116, 116, 6, 'LO000116', '2025-08-01', '2027-04-20', 1960.00, 233, 'Seed lo_thuoc', '2025-12-25 20:45:41', '2025-12-25 20:45:41'),
	(117, 117, 7, 'LO000117', '2025-07-31', '2027-04-21', 1970.00, 236, 'Seed lo_thuoc', '2025-12-25 20:45:41', '2025-12-25 20:45:41'),
	(118, 118, 8, 'LO000118', '2025-07-30', '2027-04-22', 1980.00, 236, 'Seed lo_thuoc', '2025-12-25 20:45:41', '2025-12-25 20:45:41'),
	(119, 119, 9, 'LO000119', '2025-07-29', '2027-04-23', 1990.00, 236, 'Seed lo_thuoc', '2025-12-25 20:45:41', '2025-12-25 20:45:41'),
	(120, 120, 10, 'LO000120', '2025-07-28', '2027-04-24', 2000.00, 209, 'Seed lo_thuoc', '2025-12-25 20:45:41', '2025-12-25 20:45:41'),
	(121, 121, 6, 'LO000121', '2025-07-27', '2027-04-25', 2010.00, 209, 'Seed lo_thuoc', '2025-12-25 20:45:41', '2025-12-25 20:45:41'),
	(122, 122, 7, 'LO000122', '2025-07-26', '2027-04-26', 2020.00, 209, 'Seed lo_thuoc', '2025-12-25 20:45:41', '2025-12-25 20:45:41'),
	(123, 123, 8, 'LO000123', '2025-07-25', '2027-04-27', 2030.00, 212, 'Seed lo_thuoc', '2025-12-25 20:45:41', '2025-12-25 20:45:41'),
	(124, 124, 9, 'LO000124', '2025-07-24', '2027-04-28', 2040.00, 212, 'Seed lo_thuoc', '2025-12-25 20:45:41', '2025-12-25 20:45:41'),
	(125, 125, 10, 'LO000125', '2025-07-23', '2027-04-29', 2050.00, 212, 'Seed lo_thuoc', '2025-12-25 20:45:41', '2025-12-25 20:45:41'),
	(126, 126, 6, 'LO000126', '2025-07-22', '2027-04-30', 2060.00, 215, 'Seed lo_thuoc', '2025-12-25 20:45:41', '2025-12-25 20:45:41'),
	(127, 127, 7, 'LO000127', '2025-07-21', '2027-05-01', 2070.00, 215, 'Seed lo_thuoc', '2025-12-25 20:45:41', '2025-12-25 20:45:41'),
	(128, 128, 8, 'LO000128', '2025-07-20', '2027-05-02', 2080.00, 215, 'Seed lo_thuoc', '2025-12-25 20:45:41', '2025-12-25 20:45:41'),
	(129, 129, 9, 'LO000129', '2025-07-19', '2027-05-03', 2090.00, 218, 'Seed lo_thuoc', '2025-12-25 20:45:41', '2025-12-25 20:45:41'),
	(130, 130, 10, 'LO000130', '2025-07-18', '2027-05-04', 2100.00, 218, 'Seed lo_thuoc', '2025-12-25 20:45:41', '2025-12-25 20:45:41'),
	(131, 131, 6, 'LO000131', '2025-07-17', '2027-05-05', 2110.00, 218, 'Seed lo_thuoc', '2025-12-25 20:45:41', '2025-12-25 20:45:41'),
	(132, 132, 7, 'LO000132', '2025-07-16', '2027-05-06', 2120.00, 221, 'Seed lo_thuoc', '2025-12-25 20:45:41', '2025-12-25 20:45:41'),
	(133, 133, 8, 'LO000133', '2025-07-15', '2027-05-07', 2130.00, 221, 'Seed lo_thuoc', '2025-12-25 20:45:41', '2025-12-25 20:45:41'),
	(134, 134, 9, 'LO000134', '2025-07-14', '2027-05-08', 2140.00, 221, 'Seed lo_thuoc', '2025-12-25 20:45:41', '2025-12-25 20:45:41'),
	(135, 135, 10, 'LO000135', '2025-07-13', '2027-05-09', 2150.00, 224, 'Seed lo_thuoc', '2025-12-25 20:45:41', '2025-12-25 20:45:41'),
	(136, 136, 6, 'LO000136', '2025-07-12', '2027-05-10', 2160.00, 224, 'Seed lo_thuoc', '2025-12-25 20:45:41', '2025-12-25 20:45:41'),
	(137, 137, 7, 'LO000137', '2025-07-11', '2027-05-11', 2170.00, 224, 'Seed lo_thuoc', '2025-12-25 20:45:41', '2025-12-25 20:45:41'),
	(138, 138, 8, 'LO000138', '2025-07-10', '2027-05-12', 2180.00, 227, 'Seed lo_thuoc', '2025-12-25 20:45:41', '2025-12-25 20:45:41'),
	(139, 139, 9, 'LO000139', '2025-07-09', '2027-05-13', 2190.00, 227, 'Seed lo_thuoc', '2025-12-25 20:45:41', '2025-12-25 20:45:41'),
	(140, 140, 10, 'LO000140', '2025-07-08', '2027-05-14', 2200.00, 227, 'Seed lo_thuoc', '2025-12-25 20:45:41', '2025-12-25 20:45:41'),
	(141, 141, 6, 'LO000141', '2025-07-07', '2027-05-15', 2210.00, 230, 'Seed lo_thuoc', '2025-12-25 20:45:41', '2025-12-25 20:45:41'),
	(142, 142, 7, 'LO000142', '2025-07-06', '2027-05-16', 2220.00, 230, 'Seed lo_thuoc', '2025-12-25 20:45:41', '2025-12-25 20:45:41'),
	(143, 143, 8, 'LO000143', '2025-07-05', '2027-05-17', 2230.00, 230, 'Seed lo_thuoc', '2025-12-25 20:45:41', '2025-12-25 20:45:41'),
	(144, 144, 9, 'LO000144', '2025-07-04', '2027-05-18', 2240.00, 233, 'Seed lo_thuoc', '2025-12-25 20:45:41', '2025-12-25 20:45:41'),
	(145, 145, 10, 'LO000145', '2025-07-03', '2027-05-19', 2250.00, 233, 'Seed lo_thuoc', '2025-12-25 20:45:41', '2025-12-25 20:45:41'),
	(146, 146, 6, 'LO000146', '2025-07-02', '2027-05-20', 2260.00, 233, 'Seed lo_thuoc', '2025-12-25 20:45:41', '2025-12-25 20:45:41'),
	(147, 147, 7, 'LO000147', '2025-07-01', '2027-05-21', 2270.00, 236, 'Seed lo_thuoc', '2025-12-25 20:45:41', '2025-12-25 20:45:41'),
	(148, 148, 8, 'LO000148', '2025-06-30', '2027-05-22', 2280.00, 236, 'Seed lo_thuoc', '2025-12-25 20:45:41', '2025-12-25 20:45:41'),
	(149, 149, 9, 'LO000149', '2025-06-29', '2027-05-23', 2290.00, 236, 'Seed lo_thuoc', '2025-12-25 20:45:41', '2025-12-25 20:45:41'),
	(150, 150, 10, 'LO000150', '2025-06-28', '2027-05-24', 2300.00, 209, 'Seed lo_thuoc', '2025-12-25 20:45:41', '2025-12-25 20:45:41'),
	(151, 1, 6, 'LO000151', '2025-06-27', '2027-05-25', 2310.00, 198, 'Seed lo_thuoc', '2025-12-25 20:45:41', '2025-12-25 20:45:41'),
	(152, 2, 7, 'LO000152', '2025-06-26', '2027-05-26', 2320.00, 197, 'Seed lo_thuoc', '2025-12-25 20:45:41', '2025-12-25 20:45:41'),
	(153, 3, 8, 'LO000153', '2025-06-25', '2027-05-27', 2330.00, 199, 'Seed lo_thuoc', '2025-12-25 20:45:41', '2025-12-25 20:45:41'),
	(154, 4, 9, 'LO000154', '2025-06-24', '2027-05-28', 2340.00, 198, 'Seed lo_thuoc', '2025-12-25 20:45:41', '2025-12-25 20:45:41'),
	(155, 5, 10, 'LO000155', '2025-06-23', '2027-05-29', 2350.00, 197, 'Seed lo_thuoc', '2025-12-25 20:45:41', '2025-12-25 20:45:41'),
	(156, 6, 6, 'LO000156', '2025-06-22', '2027-05-30', 2360.00, 199, 'Seed lo_thuoc', '2025-12-25 20:45:41', '2025-12-25 20:45:41'),
	(157, 7, 7, 'LO000157', '2025-06-21', '2027-05-31', 2370.00, 198, 'Seed lo_thuoc', '2025-12-25 20:45:41', '2025-12-25 20:45:41'),
	(158, 8, 8, 'LO000158', '2025-06-20', '2027-06-01', 2380.00, 197, 'Seed lo_thuoc', '2025-12-25 20:45:41', '2025-12-25 20:45:41'),
	(159, 9, 9, 'LO000159', '2025-06-19', '2027-06-02', 2390.00, 199, 'Seed lo_thuoc', '2025-12-25 20:45:41', '2025-12-25 20:45:41'),
	(160, 10, 10, 'LO000160', '2025-06-18', '2027-06-03', 2400.00, 198, 'Seed lo_thuoc', '2025-12-25 20:45:41', '2025-12-25 20:45:41'),
	(161, 11, 6, 'LO000161', '2025-06-17', '2027-06-04', 2410.00, 197, 'Seed lo_thuoc', '2025-12-25 20:45:41', '2025-12-25 20:45:41'),
	(162, 12, 7, 'LO000162', '2025-06-16', '2027-06-05', 2420.00, 199, 'Seed lo_thuoc', '2025-12-25 20:45:41', '2025-12-25 20:45:41'),
	(163, 13, 8, 'LO000163', '2025-06-15', '2027-06-06', 2430.00, 198, 'Seed lo_thuoc', '2025-12-25 20:45:41', '2025-12-25 20:45:41'),
	(164, 14, 9, 'LO000164', '2025-06-14', '2027-06-07', 2440.00, 197, 'Seed lo_thuoc', '2025-12-25 20:45:41', '2025-12-25 20:45:41'),
	(165, 15, 10, 'LO000165', '2025-06-13', '2027-06-08', 2450.00, 199, 'Seed lo_thuoc', '2025-12-25 20:45:41', '2025-12-25 20:45:41'),
	(166, 16, 6, 'LO000166', '2025-06-12', '2027-06-09', 2460.00, 198, 'Seed lo_thuoc', '2025-12-25 20:45:41', '2025-12-25 20:45:41'),
	(167, 17, 7, 'LO000167', '2025-06-11', '2027-06-10', 2470.00, 197, 'Seed lo_thuoc', '2025-12-25 20:45:41', '2025-12-25 20:45:41'),
	(168, 18, 8, 'LO000168', '2025-06-10', '2027-06-11', 2480.00, 199, 'Seed lo_thuoc', '2025-12-25 20:45:41', '2025-12-25 20:45:41'),
	(169, 19, 9, 'LO000169', '2025-06-09', '2027-06-12', 2490.00, 198, 'Seed lo_thuoc', '2025-12-25 20:45:41', '2025-12-25 20:45:41'),
	(170, 20, 10, 'LO000170', '2025-06-08', '2027-06-13', 2500.00, 197, 'Seed lo_thuoc', '2025-12-25 20:45:41', '2025-12-25 20:45:41'),
	(171, 21, 6, 'LO000171', '2025-06-07', '2027-06-14', 2510.00, 199, 'Seed lo_thuoc', '2025-12-25 20:45:41', '2025-12-25 20:45:41'),
	(172, 22, 7, 'LO000172', '2025-06-06', '2027-06-15', 2520.00, 198, 'Seed lo_thuoc', '2025-12-25 20:45:41', '2025-12-25 20:45:41'),
	(173, 23, 8, 'LO000173', '2025-06-05', '2027-06-16', 2530.00, 197, 'Seed lo_thuoc', '2025-12-25 20:45:41', '2025-12-25 20:45:41'),
	(174, 24, 9, 'LO000174', '2025-06-04', '2027-06-17', 2540.00, 199, 'Seed lo_thuoc', '2025-12-25 20:45:41', '2025-12-25 20:45:41'),
	(175, 25, 10, 'LO000175', '2025-06-03', '2027-06-18', 2550.00, 198, 'Seed lo_thuoc', '2025-12-25 20:45:41', '2025-12-25 20:45:41'),
	(176, 26, 6, 'LO000176', '2025-06-02', '2027-06-19', 2560.00, 197, 'Seed lo_thuoc', '2025-12-25 20:45:41', '2025-12-25 20:45:41'),
	(177, 27, 7, 'LO000177', '2025-06-01', '2027-06-20', 2570.00, 199, 'Seed lo_thuoc', '2025-12-25 20:45:41', '2025-12-25 20:45:41'),
	(178, 28, 8, 'LO000178', '2025-05-31', '2027-06-21', 2580.00, 198, 'Seed lo_thuoc', '2025-12-25 20:45:41', '2025-12-25 20:45:41'),
	(179, 29, 9, 'LO000179', '2025-05-30', '2027-06-22', 2590.00, 197, 'Seed lo_thuoc', '2025-12-25 20:45:41', '2025-12-25 20:45:41'),
	(180, 30, 10, 'LO000180', '2025-05-29', '2027-06-23', 2600.00, 199, 'Seed lo_thuoc', '2025-12-25 20:45:41', '2025-12-25 20:45:41'),
	(181, 31, 6, 'LO000181', '2025-05-28', '2027-06-24', 2610.00, 198, 'Seed lo_thuoc', '2025-12-25 20:45:41', '2025-12-25 20:45:41'),
	(182, 32, 7, 'LO000182', '2025-05-27', '2027-06-25', 2620.00, 197, 'Seed lo_thuoc', '2025-12-25 20:45:41', '2025-12-25 20:45:41'),
	(183, 33, 8, 'LO000183', '2025-05-26', '2027-06-26', 2630.00, 199, 'Seed lo_thuoc', '2025-12-25 20:45:41', '2025-12-25 20:45:41'),
	(184, 34, 9, 'LO000184', '2025-05-25', '2027-06-27', 2640.00, 198, 'Seed lo_thuoc', '2025-12-25 20:45:41', '2025-12-25 20:45:41'),
	(185, 35, 10, 'LO000185', '2025-05-24', '2027-06-28', 2650.00, 197, 'Seed lo_thuoc', '2025-12-25 20:45:41', '2025-12-25 20:45:41'),
	(186, 36, 6, 'LO000186', '2025-05-23', '2027-06-29', 2660.00, 199, 'Seed lo_thuoc', '2025-12-25 20:45:41', '2025-12-25 20:45:41'),
	(187, 37, 7, 'LO000187', '2025-05-22', '2027-06-30', 2670.00, 198, 'Seed lo_thuoc', '2025-12-25 20:45:41', '2025-12-25 20:45:41'),
	(188, 38, 8, 'LO000188', '2025-05-21', '2027-07-01', 2680.00, 197, 'Seed lo_thuoc', '2025-12-25 20:45:41', '2025-12-25 20:45:41'),
	(189, 39, 9, 'LO000189', '2025-05-20', '2027-07-02', 2690.00, 199, 'Seed lo_thuoc', '2025-12-25 20:45:41', '2025-12-25 20:45:41'),
	(190, 40, 10, 'LO000190', '2025-05-19', '2027-07-03', 2700.00, 198, 'Seed lo_thuoc', '2025-12-25 20:45:41', '2025-12-25 20:45:41'),
	(191, 41, 6, 'LO000191', '2025-05-18', '2027-07-04', 2710.00, 197, 'Seed lo_thuoc', '2025-12-25 20:45:41', '2025-12-25 20:45:41'),
	(192, 42, 7, 'LO000192', '2025-05-17', '2027-07-05', 2720.00, 199, 'Seed lo_thuoc', '2025-12-25 20:45:41', '2025-12-25 20:45:41'),
	(193, 43, 8, 'LO000193', '2025-05-16', '2027-07-06', 2730.00, 198, 'Seed lo_thuoc', '2025-12-25 20:45:41', '2025-12-25 20:45:41'),
	(194, 44, 9, 'LO000194', '2025-05-15', '2027-07-07', 2740.00, 197, 'Seed lo_thuoc', '2025-12-25 20:45:41', '2025-12-25 20:45:41'),
	(195, 45, 10, 'LO000195', '2025-05-14', '2027-07-08', 2750.00, 199, 'Seed lo_thuoc', '2025-12-25 20:45:41', '2025-12-25 20:45:41'),
	(196, 46, 6, 'LO000196', '2025-05-13', '2027-07-09', 2760.00, 198, 'Seed lo_thuoc', '2025-12-25 20:45:41', '2025-12-25 20:45:41'),
	(197, 47, 7, 'LO000197', '2025-05-12', '2027-07-10', 2770.00, 197, 'Seed lo_thuoc', '2025-12-25 20:45:41', '2025-12-25 20:45:41'),
	(198, 48, 8, 'LO000198', '2025-05-11', '2027-07-11', 2780.00, 199, 'Seed lo_thuoc', '2025-12-25 20:45:41', '2025-12-25 20:45:41'),
	(199, 49, 9, 'LO000199', '2025-05-10', '2027-07-12', 2790.00, 198, 'Seed lo_thuoc', '2025-12-25 20:45:41', '2025-12-25 20:45:41'),
	(200, 50, 10, 'LO000200', '2025-11-25', '2027-07-13', 2800.00, 197, 'Seed lo_thuoc', '2025-12-25 20:45:41', '2025-12-25 20:45:41'),
	(201, 51, 6, 'LO000201', '2025-11-24', '2027-07-14', 2810.00, 199, 'Seed lo_thuoc', '2025-12-25 20:45:41', '2025-12-25 20:45:41'),
	(202, 52, 7, 'LO000202', '2025-11-23', '2027-07-15', 2820.00, 198, 'Seed lo_thuoc', '2025-12-25 20:45:41', '2025-12-25 20:45:41'),
	(203, 53, 8, 'LO000203', '2025-11-22', '2027-07-16', 2830.00, 197, 'Seed lo_thuoc', '2025-12-25 20:45:41', '2025-12-25 20:45:41'),
	(204, 54, 9, 'LO000204', '2025-11-21', '2027-07-17', 2840.00, 199, 'Seed lo_thuoc', '2025-12-25 20:45:41', '2025-12-25 20:45:41'),
	(205, 55, 10, 'LO000205', '2025-11-20', '2027-07-18', 2850.00, 198, 'Seed lo_thuoc', '2025-12-25 20:45:41', '2025-12-25 20:45:41'),
	(206, 56, 6, 'LO000206', '2025-11-19', '2027-07-19', 2860.00, 197, 'Seed lo_thuoc', '2025-12-25 20:45:41', '2025-12-25 20:45:41'),
	(207, 57, 7, 'LO000207', '2025-11-18', '2027-07-20', 2870.00, 199, 'Seed lo_thuoc', '2025-12-25 20:45:41', '2025-12-25 20:45:41'),
	(208, 58, 8, 'LO000208', '2025-11-17', '2027-07-21', 2880.00, 198, 'Seed lo_thuoc', '2025-12-25 20:45:41', '2025-12-25 20:45:41'),
	(209, 59, 9, 'LO000209', '2025-11-16', '2027-07-22', 2890.00, 197, 'Seed lo_thuoc', '2025-12-25 20:45:41', '2025-12-25 20:45:41'),
	(210, 60, 10, 'LO000210', '2025-11-15', '2027-07-23', 2900.00, 199, 'Seed lo_thuoc', '2025-12-25 20:45:41', '2025-12-25 20:45:41'),
	(211, 61, 6, 'LO000211', '2025-11-14', '2027-07-24', 2910.00, 198, 'Seed lo_thuoc', '2025-12-25 20:45:41', '2025-12-25 20:45:41'),
	(212, 62, 7, 'LO000212', '2025-11-13', '2027-07-25', 2920.00, 197, 'Seed lo_thuoc', '2025-12-25 20:45:41', '2025-12-25 20:45:41'),
	(213, 63, 8, 'LO000213', '2025-11-12', '2027-07-26', 2930.00, 199, 'Seed lo_thuoc', '2025-12-25 20:45:41', '2025-12-25 20:45:41'),
	(214, 64, 9, 'LO000214', '2025-11-11', '2027-07-27', 2940.00, 198, 'Seed lo_thuoc', '2025-12-25 20:45:41', '2025-12-25 20:45:41'),
	(215, 65, 10, 'LO000215', '2025-11-10', '2027-07-28', 2950.00, 197, 'Seed lo_thuoc', '2025-12-25 20:45:41', '2025-12-25 20:45:41'),
	(216, 66, 6, 'LO000216', '2025-11-09', '2027-07-29', 2960.00, 199, 'Seed lo_thuoc', '2025-12-25 20:45:41', '2025-12-25 20:45:41'),
	(217, 67, 7, 'LO000217', '2025-11-08', '2027-07-30', 2970.00, 198, 'Seed lo_thuoc', '2025-12-25 20:45:41', '2025-12-25 20:45:41'),
	(218, 68, 8, 'LO000218', '2025-11-07', '2027-07-31', 2980.00, 197, 'Seed lo_thuoc', '2025-12-25 20:45:41', '2025-12-25 20:45:41'),
	(219, 69, 9, 'LO000219', '2025-11-06', '2027-08-01', 2990.00, 199, 'Seed lo_thuoc', '2025-12-25 20:45:41', '2025-12-25 20:45:41'),
	(220, 70, 10, 'LO000220', '2025-11-05', '2027-08-02', 3000.00, 198, 'Seed lo_thuoc', '2025-12-25 20:45:41', '2025-12-25 20:45:41'),
	(221, 71, 6, 'LO000221', '2025-11-04', '2027-08-03', 3010.00, 197, 'Seed lo_thuoc', '2025-12-25 20:45:41', '2025-12-25 20:45:41'),
	(222, 72, 7, 'LO000222', '2025-11-03', '2027-08-04', 3020.00, 199, 'Seed lo_thuoc', '2025-12-25 20:45:41', '2025-12-25 20:45:41'),
	(223, 73, 8, 'LO000223', '2025-11-02', '2027-08-05', 3030.00, 198, 'Seed lo_thuoc', '2025-12-25 20:45:41', '2025-12-25 20:45:41'),
	(224, 74, 9, 'LO000224', '2025-11-01', '2027-08-06', 3040.00, 197, 'Seed lo_thuoc', '2025-12-25 20:45:41', '2025-12-25 20:45:41'),
	(225, 75, 10, 'LO000225', '2025-10-31', '2027-08-07', 3050.00, 199, 'Seed lo_thuoc', '2025-12-25 20:45:41', '2025-12-25 20:45:41'),
	(226, 76, 6, 'LO000226', '2025-10-30', '2027-08-08', 3060.00, 198, 'Seed lo_thuoc', '2025-12-25 20:45:41', '2025-12-25 20:45:41'),
	(227, 77, 7, 'LO000227', '2025-10-29', '2027-08-09', 3070.00, 197, 'Seed lo_thuoc', '2025-12-25 20:45:41', '2025-12-25 20:45:41'),
	(228, 78, 8, 'LO000228', '2025-10-28', '2027-08-10', 3080.00, 199, 'Seed lo_thuoc', '2025-12-25 20:45:41', '2025-12-25 20:45:41'),
	(229, 79, 9, 'LO000229', '2025-10-27', '2027-08-11', 3090.00, 198, 'Seed lo_thuoc', '2025-12-25 20:45:41', '2025-12-25 20:45:41'),
	(230, 80, 10, 'LO000230', '2025-10-26', '2027-08-12', 3100.00, 197, 'Seed lo_thuoc', '2025-12-25 20:45:41', '2025-12-25 20:45:41'),
	(231, 81, 6, 'LO000231', '2025-10-25', '2027-08-13', 3110.00, 199, 'Seed lo_thuoc', '2025-12-25 20:45:41', '2025-12-25 20:45:41'),
	(232, 82, 7, 'LO000232', '2025-10-24', '2027-08-14', 3120.00, 198, 'Seed lo_thuoc', '2025-12-25 20:45:41', '2025-12-25 20:45:41'),
	(233, 83, 8, 'LO000233', '2025-10-23', '2027-08-15', 3130.00, 197, 'Seed lo_thuoc', '2025-12-25 20:45:41', '2025-12-25 20:45:41'),
	(234, 84, 9, 'LO000234', '2025-10-22', '2027-08-16', 3140.00, 199, 'Seed lo_thuoc', '2025-12-25 20:45:41', '2025-12-25 20:45:41'),
	(235, 85, 10, 'LO000235', '2025-10-21', '2027-08-17', 3150.00, 198, 'Seed lo_thuoc', '2025-12-25 20:45:41', '2025-12-25 20:45:41'),
	(236, 86, 6, 'LO000236', '2025-10-20', '2027-08-18', 3160.00, 197, 'Seed lo_thuoc', '2025-12-25 20:45:41', '2025-12-25 20:45:41'),
	(237, 87, 7, 'LO000237', '2025-10-19', '2027-08-19', 3170.00, 199, 'Seed lo_thuoc', '2025-12-25 20:45:41', '2025-12-25 20:45:41'),
	(238, 88, 8, 'LO000238', '2025-10-18', '2027-08-20', 3180.00, 198, 'Seed lo_thuoc', '2025-12-25 20:45:41', '2025-12-25 20:45:41'),
	(239, 89, 9, 'LO000239', '2025-10-17', '2027-08-21', 3190.00, 197, 'Seed lo_thuoc', '2025-12-25 20:45:41', '2025-12-25 20:45:41'),
	(240, 90, 10, 'LO000240', '2025-10-16', '2027-08-22', 3200.00, 199, 'Seed lo_thuoc', '2025-12-25 20:45:41', '2025-12-25 20:45:41'),
	(241, 91, 6, 'LO000241', '2025-10-15', '2027-08-23', 3210.00, 200, 'Seed lo_thuoc', '2025-12-25 20:45:41', '2025-12-25 20:45:41'),
	(242, 92, 7, 'LO000242', '2025-10-14', '2027-08-24', 3220.00, 200, 'Seed lo_thuoc', '2025-12-25 20:45:41', '2025-12-25 20:45:41'),
	(243, 93, 8, 'LO000243', '2025-10-13', '2027-08-25', 3230.00, 200, 'Seed lo_thuoc', '2025-12-25 20:45:41', '2025-12-25 20:45:41'),
	(244, 94, 9, 'LO000244', '2025-10-12', '2027-08-26', 3240.00, 200, 'Seed lo_thuoc', '2025-12-25 20:45:41', '2025-12-25 20:45:41'),
	(245, 95, 10, 'LO000245', '2025-10-11', '2027-08-27', 3250.00, 200, 'Seed lo_thuoc', '2025-12-25 20:45:41', '2025-12-25 20:45:41'),
	(246, 96, 6, 'LO000246', '2025-10-10', '2027-08-28', 3260.00, 200, 'Seed lo_thuoc', '2025-12-25 20:45:41', '2025-12-25 20:45:41'),
	(247, 97, 7, 'LO000247', '2025-10-09', '2027-08-29', 3270.00, 200, 'Seed lo_thuoc', '2025-12-25 20:45:41', '2025-12-25 20:45:41'),
	(248, 98, 8, 'LO000248', '2025-10-08', '2027-08-30', 3280.00, 200, 'Seed lo_thuoc', '2025-12-25 20:45:41', '2025-12-25 20:45:41'),
	(249, 99, 9, 'LO000249', '2025-10-07', '2027-08-31', 3290.00, 200, 'Seed lo_thuoc', '2025-12-25 20:45:41', '2025-12-25 20:45:41'),
	(250, 100, 10, 'LO000250', '2025-10-06', '2027-09-01', 3300.00, 200, 'Seed lo_thuoc', '2025-12-25 20:45:41', '2025-12-25 20:45:41'),
	(251, 101, 6, 'LO000251', '2025-10-05', '2027-09-02', 3310.00, 200, 'Seed lo_thuoc', '2025-12-25 20:45:41', '2025-12-25 20:45:41'),
	(252, 102, 7, 'LO000252', '2025-10-04', '2027-09-03', 3320.00, 200, 'Seed lo_thuoc', '2025-12-25 20:45:41', '2025-12-25 20:45:41'),
	(253, 103, 8, 'LO000253', '2025-10-03', '2027-09-04', 3330.00, 200, 'Seed lo_thuoc', '2025-12-25 20:45:41', '2025-12-25 20:45:41'),
	(254, 104, 9, 'LO000254', '2025-10-02', '2027-09-05', 3340.00, 200, 'Seed lo_thuoc', '2025-12-25 20:45:41', '2025-12-25 20:45:41'),
	(255, 105, 10, 'LO000255', '2025-10-01', '2027-09-06', 3350.00, 200, 'Seed lo_thuoc', '2025-12-25 20:45:41', '2025-12-25 20:45:41'),
	(256, 106, 6, 'LO000256', '2025-09-30', '2027-09-07', 3360.00, 200, 'Seed lo_thuoc', '2025-12-25 20:45:41', '2025-12-25 20:45:41'),
	(257, 107, 7, 'LO000257', '2025-09-29', '2027-09-08', 3370.00, 200, 'Seed lo_thuoc', '2025-12-25 20:45:41', '2025-12-25 20:45:41'),
	(258, 108, 8, 'LO000258', '2025-09-28', '2027-09-09', 3380.00, 200, 'Seed lo_thuoc', '2025-12-25 20:45:41', '2025-12-25 20:45:41'),
	(259, 109, 9, 'LO000259', '2025-09-27', '2027-09-10', 3390.00, 200, 'Seed lo_thuoc', '2025-12-25 20:45:41', '2025-12-25 20:45:41'),
	(260, 110, 10, 'LO000260', '2025-09-26', '2027-09-11', 3400.00, 200, 'Seed lo_thuoc', '2025-12-25 20:45:41', '2025-12-25 20:45:41'),
	(261, 111, 6, 'LO000261', '2025-09-25', '2027-09-12', 3410.00, 200, 'Seed lo_thuoc', '2025-12-25 20:45:41', '2025-12-25 20:45:41'),
	(262, 112, 7, 'LO000262', '2025-09-24', '2027-09-13', 3420.00, 200, 'Seed lo_thuoc', '2025-12-25 20:45:41', '2025-12-25 20:45:41'),
	(263, 113, 8, 'LO000263', '2025-09-23', '2027-09-14', 3430.00, 200, 'Seed lo_thuoc', '2025-12-25 20:45:41', '2025-12-25 20:45:41'),
	(264, 114, 9, 'LO000264', '2025-09-22', '2027-09-15', 3440.00, 200, 'Seed lo_thuoc', '2025-12-25 20:45:41', '2025-12-25 20:45:41'),
	(265, 115, 10, 'LO000265', '2025-09-21', '2027-09-16', 3450.00, 200, 'Seed lo_thuoc', '2025-12-25 20:45:41', '2025-12-25 20:45:41'),
	(266, 116, 6, 'LO000266', '2025-09-20', '2027-09-17', 3460.00, 200, 'Seed lo_thuoc', '2025-12-25 20:45:41', '2025-12-25 20:45:41'),
	(267, 117, 7, 'LO000267', '2025-09-19', '2027-09-18', 3470.00, 200, 'Seed lo_thuoc', '2025-12-25 20:45:41', '2025-12-25 20:45:41'),
	(268, 118, 8, 'LO000268', '2025-09-18', '2027-09-19', 3480.00, 200, 'Seed lo_thuoc', '2025-12-25 20:45:41', '2025-12-25 20:45:41'),
	(269, 119, 9, 'LO000269', '2025-09-17', '2027-09-20', 3490.00, 200, 'Seed lo_thuoc', '2025-12-25 20:45:41', '2025-12-25 20:45:41'),
	(270, 120, 10, 'LO000270', '2025-09-16', '2027-09-21', 3500.00, 200, 'Seed lo_thuoc', '2025-12-25 20:45:41', '2025-12-25 20:45:41'),
	(271, 121, 6, 'LO000271', '2025-09-15', '2027-09-22', 3510.00, 200, 'Seed lo_thuoc', '2025-12-25 20:45:41', '2025-12-25 20:45:41'),
	(272, 122, 7, 'LO000272', '2025-09-14', '2027-09-23', 3520.00, 200, 'Seed lo_thuoc', '2025-12-25 20:45:41', '2025-12-25 20:45:41'),
	(273, 123, 8, 'LO000273', '2025-09-13', '2027-09-24', 3530.00, 200, 'Seed lo_thuoc', '2025-12-25 20:45:41', '2025-12-25 20:45:41'),
	(274, 124, 9, 'LO000274', '2025-09-12', '2027-09-25', 3540.00, 200, 'Seed lo_thuoc', '2025-12-25 20:45:41', '2025-12-25 20:45:41'),
	(275, 125, 10, 'LO000275', '2025-09-11', '2027-09-26', 3550.00, 200, 'Seed lo_thuoc', '2025-12-25 20:45:41', '2025-12-25 20:45:41'),
	(276, 126, 6, 'LO000276', '2025-09-10', '2027-09-27', 3560.00, 200, 'Seed lo_thuoc', '2025-12-25 20:45:41', '2025-12-25 20:45:41'),
	(277, 127, 7, 'LO000277', '2025-09-09', '2027-09-28', 3570.00, 200, 'Seed lo_thuoc', '2025-12-25 20:45:41', '2025-12-25 20:45:41'),
	(278, 128, 8, 'LO000278', '2025-09-08', '2027-09-29', 3580.00, 200, 'Seed lo_thuoc', '2025-12-25 20:45:41', '2025-12-25 20:45:41'),
	(279, 129, 9, 'LO000279', '2025-09-07', '2027-09-30', 3590.00, 200, 'Seed lo_thuoc', '2025-12-25 20:45:41', '2025-12-25 20:45:41'),
	(280, 130, 10, 'LO000280', '2025-09-06', '2027-10-01', 3600.00, 200, 'Seed lo_thuoc', '2025-12-25 20:45:41', '2025-12-25 20:45:41'),
	(281, 131, 6, 'LO000281', '2025-09-05', '2027-10-02', 3610.00, 200, 'Seed lo_thuoc', '2025-12-25 20:45:41', '2025-12-25 20:45:41'),
	(282, 132, 7, 'LO000282', '2025-09-04', '2027-10-03', 3620.00, 200, 'Seed lo_thuoc', '2025-12-25 20:45:41', '2025-12-25 20:45:41'),
	(283, 133, 8, 'LO000283', '2025-09-03', '2027-10-04', 3630.00, 200, 'Seed lo_thuoc', '2025-12-25 20:45:41', '2025-12-25 20:45:41'),
	(284, 134, 9, 'LO000284', '2025-09-02', '2027-10-05', 3640.00, 200, 'Seed lo_thuoc', '2025-12-25 20:45:41', '2025-12-25 20:45:41'),
	(285, 135, 10, 'LO000285', '2025-09-01', '2027-10-06', 3650.00, 200, 'Seed lo_thuoc', '2025-12-25 20:45:41', '2025-12-25 20:45:41'),
	(286, 136, 6, 'LO000286', '2025-08-31', '2027-10-07', 3660.00, 200, 'Seed lo_thuoc', '2025-12-25 20:45:41', '2025-12-25 20:45:41'),
	(287, 137, 7, 'LO000287', '2025-08-30', '2027-10-08', 3670.00, 200, 'Seed lo_thuoc', '2025-12-25 20:45:41', '2025-12-25 20:45:41'),
	(288, 138, 8, 'LO000288', '2025-08-29', '2027-10-09', 3680.00, 200, 'Seed lo_thuoc', '2025-12-25 20:45:41', '2025-12-25 20:45:41'),
	(289, 139, 9, 'LO000289', '2025-08-28', '2027-10-10', 3690.00, 200, 'Seed lo_thuoc', '2025-12-25 20:45:41', '2025-12-25 20:45:41'),
	(290, 140, 10, 'LO000290', '2025-08-27', '2027-10-11', 3700.00, 200, 'Seed lo_thuoc', '2025-12-25 20:45:41', '2025-12-25 20:45:41'),
	(291, 141, 6, 'LO000291', '2025-08-26', '2027-10-12', 3710.00, 200, 'Seed lo_thuoc', '2025-12-25 20:45:41', '2025-12-25 20:45:41'),
	(292, 142, 7, 'LO000292', '2025-08-25', '2027-10-13', 3720.00, 200, 'Seed lo_thuoc', '2025-12-25 20:45:41', '2025-12-25 20:45:41'),
	(293, 143, 8, 'LO000293', '2025-08-24', '2027-10-14', 3730.00, 200, 'Seed lo_thuoc', '2025-12-25 20:45:41', '2025-12-25 20:45:41'),
	(294, 144, 9, 'LO000294', '2025-08-23', '2027-10-15', 3740.00, 200, 'Seed lo_thuoc', '2025-12-25 20:45:41', '2025-12-25 20:45:41'),
	(295, 145, 10, 'LO000295', '2025-08-22', '2027-10-16', 3750.00, 200, 'Seed lo_thuoc', '2025-12-25 20:45:41', '2025-12-25 20:45:41'),
	(296, 146, 6, 'LO000296', '2025-08-21', '2027-10-17', 3760.00, 200, 'Seed lo_thuoc', '2025-12-25 20:45:41', '2025-12-25 20:45:41'),
	(297, 147, 7, 'LO000297', '2025-08-20', '2027-10-18', 3770.00, 200, 'Seed lo_thuoc', '2025-12-25 20:45:41', '2025-12-25 20:45:41'),
	(298, 148, 8, 'LO000298', '2025-08-19', '2027-10-19', 3780.00, 200, 'Seed lo_thuoc', '2025-12-25 20:45:41', '2025-12-25 20:45:41'),
	(299, 149, 9, 'LO000299', '2025-08-18', '2027-10-20', 3790.00, 200, 'Seed lo_thuoc', '2025-12-25 20:45:41', '2025-12-25 20:45:41'),
	(300, 150, 10, 'LO000300', '2025-08-17', '2027-10-21', 3800.00, 200, 'Seed lo_thuoc', '2025-12-25 20:45:41', '2025-12-25 20:45:41');

-- Dumping structure for table quan_ly_nha_thuoc.nguoi_dung
CREATE TABLE IF NOT EXISTS `nguoi_dung` (
  `id_nguoi_dung` bigint(20) unsigned NOT NULL AUTO_INCREMENT COMMENT 'Khoá chính',
  `ho_ten` varchar(120) NOT NULL COMMENT 'Họ và tên',
  `ten_dang_nhap` varchar(60) NOT NULL COMMENT 'Tên đăng nhập (duy nhất)',
  `mat_khau_hash` varchar(255) NOT NULL COMMENT 'Mật khẩu đã băm',
  `so_dien_thoai` varchar(20) DEFAULT NULL COMMENT 'SĐT',
  `email` varchar(120) DEFAULT NULL COMMENT 'Email',
  `dia_chi` varchar(255) DEFAULT NULL COMMENT 'Địa chỉ',
  `id_vai_tro` bigint(20) unsigned NOT NULL COMMENT 'FK -> vai_tro',
  `trang_thai` enum('HOAT_DONG','KHOA') NOT NULL DEFAULT 'HOAT_DONG' COMMENT 'Trạng thái',
  `tao_luc` datetime NOT NULL DEFAULT current_timestamp() COMMENT 'Tạo lúc',
  `cap_nhat_luc` datetime NOT NULL DEFAULT current_timestamp() ON UPDATE current_timestamp() COMMENT 'Cập nhật lúc',
  PRIMARY KEY (`id_nguoi_dung`),
  UNIQUE KEY `uq_nguoi_dung_ten_dang_nhap` (`ten_dang_nhap`),
  KEY `idx_nguoi_dung_vai_tro` (`id_vai_tro`),
  CONSTRAINT `fk_nguoi_dung_vai_tro` FOREIGN KEY (`id_vai_tro`) REFERENCES `vai_tro` (`id_vai_tro`) ON UPDATE CASCADE
) ENGINE=InnoDB AUTO_INCREMENT=81 DEFAULT CHARSET=utf8mb4 COLLATE=utf8mb4_unicode_ci COMMENT='Người dùng hệ thống';

-- Dumping data for table quan_ly_nha_thuoc.nguoi_dung: ~20 rows (approximately)
REPLACE INTO `nguoi_dung` (`id_nguoi_dung`, `ho_ten`, `ten_dang_nhap`, `mat_khau_hash`, `so_dien_thoai`, `email`, `dia_chi`, `id_vai_tro`, `trang_thai`, `tao_luc`, `cap_nhat_luc`) VALUES
	(1, 'Nguoi dung 1', 'user01', '$2y$10$demo_hash_01_abcdefghijklmnopqrstuv', '0910000001', 'user01@demo.vn', 'Dia chi 1', 1, 'HOAT_DONG', '2025-12-25 20:31:07', '2025-12-25 20:31:07'),
	(2, 'Nguoi dung 2', 'user02', '$2y$10$demo_hash_02_abcdefghijklmnopqrstuv', '0910000002', 'user02@demo.vn', 'Dia chi 2', 2, 'HOAT_DONG', '2025-12-25 20:31:07', '2025-12-25 20:31:07'),
	(3, 'Nguoi dung 3', 'user03', '$2y$10$demo_hash_03_abcdefghijklmnopqrstuv', '0910000003', 'user03@demo.vn', 'Dia chi 3', 2, 'HOAT_DONG', '2025-12-25 20:31:07', '2025-12-25 20:31:07'),
	(4, 'Nguoi dung 4', 'user04', '$2y$10$demo_hash_04_abcdefghijklmnopqrstuv', '0910000004', 'user04@demo.vn', 'Dia chi 4', 3, 'HOAT_DONG', '2025-12-25 20:31:07', '2025-12-25 20:31:07'),
	(5, 'Nguoi dung 5', 'user05', '$2y$10$demo_hash_05_abcdefghijklmnopqrstuv', '0910000005', 'user05@demo.vn', 'Dia chi 5', 3, 'HOAT_DONG', '2025-12-25 20:31:07', '2025-12-25 20:31:07'),
	(6, 'Nguoi dung 6', 'user06', '$2y$10$demo_hash_06_abcdefghijklmnopqrstuv', '0910000006', 'user06@demo.vn', 'Dia chi 6', 3, 'HOAT_DONG', '2025-12-25 20:31:07', '2025-12-25 20:31:07'),
	(7, 'Nguoi dung 7', 'user07', '$2y$10$demo_hash_07_abcdefghijklmnopqrstuv', '0910000007', 'user07@demo.vn', 'Dia chi 7', 3, 'HOAT_DONG', '2025-12-25 20:31:07', '2025-12-25 20:31:07'),
	(8, 'Nguoi dung 8', 'user08', '$2y$10$demo_hash_08_abcdefghijklmnopqrstuv', '0910000008', 'user08@demo.vn', 'Dia chi 8', 3, 'HOAT_DONG', '2025-12-25 20:31:07', '2025-12-25 20:31:07'),
	(9, 'Nguoi dung 9', 'user09', '$2y$10$demo_hash_09_abcdefghijklmnopqrstuv', '0910000009', 'user09@demo.vn', 'Dia chi 9', 3, 'HOAT_DONG', '2025-12-25 20:31:07', '2025-12-25 20:31:07'),
	(10, 'Nguoi dung 10', 'user10', '$2y$10$demo_hash_10_abcdefghijklmnopqrstuv', '0910000010', 'user10@demo.vn', 'Dia chi 10', 3, 'HOAT_DONG', '2025-12-25 20:31:07', '2025-12-25 20:31:07'),
	(11, 'Nguoi dung 11', 'user11', '$2y$10$demo_hash_11_abcdefghijklmnopqrstuv', '0910000011', 'user11@demo.vn', 'Dia chi 11', 3, 'HOAT_DONG', '2025-12-25 20:31:07', '2025-12-25 20:31:07'),
	(12, 'Nguoi dung 12', 'user12', '$2y$10$demo_hash_12_abcdefghijklmnopqrstuv', '0910000012', 'user12@demo.vn', 'Dia chi 12', 3, 'HOAT_DONG', '2025-12-25 20:31:07', '2025-12-25 20:31:07'),
	(13, 'Nguoi dung 13', 'user13', '$2y$10$demo_hash_13_abcdefghijklmnopqrstuv', '0910000013', 'user13@demo.vn', 'Dia chi 13', 3, 'HOAT_DONG', '2025-12-25 20:31:07', '2025-12-25 20:31:07'),
	(14, 'Nguoi dung 14', 'user14', '$2y$10$demo_hash_14_abcdefghijklmnopqrstuv', '0910000014', 'user14@demo.vn', 'Dia chi 14', 3, 'HOAT_DONG', '2025-12-25 20:31:07', '2025-12-25 20:31:07'),
	(15, 'Nguoi dung 15', 'user15', '$2y$10$demo_hash_15_abcdefghijklmnopqrstuv', '0910000015', 'user15@demo.vn', 'Dia chi 15', 4, 'HOAT_DONG', '2025-12-25 20:31:07', '2025-12-25 20:31:07'),
	(16, 'Nguoi dung 16', 'user16', '$2y$10$demo_hash_16_abcdefghijklmnopqrstuv', '0910000016', 'user16@demo.vn', 'Dia chi 16', 4, 'HOAT_DONG', '2025-12-25 20:31:07', '2025-12-25 20:31:07'),
	(17, 'Nguoi dung 17', 'user17', '$2y$10$demo_hash_17_abcdefghijklmnopqrstuv', '0910000017', 'user17@demo.vn', 'Dia chi 17', 4, 'HOAT_DONG', '2025-12-25 20:31:07', '2025-12-25 20:31:07'),
	(18, 'Nguoi dung 18', 'user18', '$2y$10$demo_hash_18_abcdefghijklmnopqrstuv', '0910000018', 'user18@demo.vn', 'Dia chi 18', 4, 'HOAT_DONG', '2025-12-25 20:31:07', '2025-12-25 20:31:07'),
	(19, 'Nguoi dung 19', 'user19', '$2y$10$demo_hash_19_abcdefghijklmnopqrstuv', '0910000019', 'user19@demo.vn', 'Dia chi 19', 5, 'HOAT_DONG', '2025-12-25 20:31:07', '2025-12-25 20:31:07'),
	(20, 'Nguoi dung 20', 'user20', '$2y$10$demo_hash_20_abcdefghijklmnopqrstuv', '0910000020', 'user20@demo.vn', 'Dia chi 20', 5, 'HOAT_DONG', '2025-12-25 20:31:07', '2025-12-25 20:31:07');

-- Dumping structure for table quan_ly_nha_thuoc.nhat_ky_dang_nhap
CREATE TABLE IF NOT EXISTS `nhat_ky_dang_nhap` (
  `id_nhat_ky` bigint(20) unsigned NOT NULL AUTO_INCREMENT,
  `id_nguoi_dung` bigint(20) unsigned NOT NULL,
  `thoi_gian` datetime NOT NULL DEFAULT current_timestamp(),
  `dia_chi_ip` varchar(60) DEFAULT NULL,
  `thiet_bi` varchar(255) DEFAULT NULL,
  `thanh_cong` tinyint(1) NOT NULL DEFAULT 1,
  `ghi_chu` varchar(255) DEFAULT NULL,
  PRIMARY KEY (`id_nhat_ky`),
  KEY `idx_nk_nd` (`id_nguoi_dung`),
  CONSTRAINT `fk_nk_nd` FOREIGN KEY (`id_nguoi_dung`) REFERENCES `nguoi_dung` (`id_nguoi_dung`) ON DELETE CASCADE ON UPDATE CASCADE
) ENGINE=InnoDB AUTO_INCREMENT=201 DEFAULT CHARSET=utf8mb4 COLLATE=utf8mb4_unicode_ci COMMENT='Nhật ký đăng nhập';

-- Dumping data for table quan_ly_nha_thuoc.nhat_ky_dang_nhap: ~200 rows (approximately)
REPLACE INTO `nhat_ky_dang_nhap` (`id_nhat_ky`, `id_nguoi_dung`, `thoi_gian`, `dia_chi_ip`, `thiet_bi`, `thanh_cong`, `ghi_chu`) VALUES
	(1, 1, '2025-12-25 20:15:42', '192.168.1.1', 'Edge/Windows', 1, 'OK'),
	(2, 2, '2025-12-25 19:45:42', '192.168.1.2', 'Mobile/Android', 1, 'OK'),
	(3, 3, '2025-12-25 19:15:42', '192.168.1.3', 'Chrome/Windows', 1, 'OK'),
	(4, 4, '2025-12-25 18:45:42', '192.168.1.4', 'Edge/Windows', 1, 'OK'),
	(5, 5, '2025-12-25 18:15:42', '192.168.1.5', 'Mobile/Android', 1, 'OK'),
	(6, 6, '2025-12-25 17:45:42', '192.168.1.6', 'Chrome/Windows', 1, 'OK'),
	(7, 7, '2025-12-25 17:15:42', '192.168.1.7', 'Edge/Windows', 1, 'OK'),
	(8, 8, '2025-12-25 16:45:42', '192.168.1.8', 'Mobile/Android', 1, 'OK'),
	(9, 9, '2025-12-25 16:15:42', '192.168.1.9', 'Chrome/Windows', 1, 'OK'),
	(10, 10, '2025-12-25 15:45:42', '192.168.1.10', 'Edge/Windows', 1, 'OK'),
	(11, 11, '2025-12-25 15:15:42', '192.168.1.11', 'Mobile/Android', 1, 'OK'),
	(12, 12, '2025-12-25 14:45:42', '192.168.1.12', 'Chrome/Windows', 1, 'OK'),
	(13, 13, '2025-12-25 14:15:42', '192.168.1.13', 'Edge/Windows', 1, 'OK'),
	(14, 14, '2025-12-25 13:45:42', '192.168.1.14', 'Mobile/Android', 1, 'OK'),
	(15, 15, '2025-12-25 13:15:42', '192.168.1.15', 'Chrome/Windows', 1, 'OK'),
	(16, 16, '2025-12-25 12:45:42', '192.168.1.16', 'Edge/Windows', 1, 'OK'),
	(17, 17, '2025-12-25 12:15:42', '192.168.1.17', 'Mobile/Android', 1, 'OK'),
	(18, 18, '2025-12-25 11:45:42', '192.168.1.18', 'Chrome/Windows', 1, 'OK'),
	(19, 19, '2025-12-25 11:15:42', '192.168.1.19', 'Edge/Windows', 1, 'OK'),
	(20, 20, '2025-12-25 10:45:42', '192.168.1.20', 'Mobile/Android', 0, 'Sai mat khau'),
	(21, 1, '2025-12-25 10:15:42', '192.168.1.21', 'Chrome/Windows', 1, 'OK'),
	(22, 2, '2025-12-25 09:45:42', '192.168.1.22', 'Edge/Windows', 1, 'OK'),
	(23, 3, '2025-12-25 09:15:42', '192.168.1.23', 'Mobile/Android', 1, 'OK'),
	(24, 4, '2025-12-25 08:45:42', '192.168.1.24', 'Chrome/Windows', 1, 'OK'),
	(25, 5, '2025-12-25 08:15:42', '192.168.1.25', 'Edge/Windows', 1, 'OK'),
	(26, 6, '2025-12-25 07:45:42', '192.168.1.26', 'Mobile/Android', 1, 'OK'),
	(27, 7, '2025-12-25 07:15:42', '192.168.1.27', 'Chrome/Windows', 1, 'OK'),
	(28, 8, '2025-12-25 06:45:42', '192.168.1.28', 'Edge/Windows', 1, 'OK'),
	(29, 9, '2025-12-25 06:15:42', '192.168.1.29', 'Mobile/Android', 1, 'OK'),
	(30, 10, '2025-12-25 05:45:42', '192.168.1.30', 'Chrome/Windows', 1, 'OK'),
	(31, 11, '2025-12-25 05:15:42', '192.168.1.31', 'Edge/Windows', 1, 'OK'),
	(32, 12, '2025-12-25 04:45:42', '192.168.1.32', 'Mobile/Android', 1, 'OK'),
	(33, 13, '2025-12-25 04:15:42', '192.168.1.33', 'Chrome/Windows', 1, 'OK'),
	(34, 14, '2025-12-25 03:45:42', '192.168.1.34', 'Edge/Windows', 1, 'OK'),
	(35, 15, '2025-12-25 03:15:42', '192.168.1.35', 'Mobile/Android', 1, 'OK'),
	(36, 16, '2025-12-25 02:45:42', '192.168.1.36', 'Chrome/Windows', 1, 'OK'),
	(37, 17, '2025-12-25 02:15:42', '192.168.1.37', 'Edge/Windows', 1, 'OK'),
	(38, 18, '2025-12-25 01:45:42', '192.168.1.38', 'Mobile/Android', 1, 'OK'),
	(39, 19, '2025-12-25 01:15:42', '192.168.1.39', 'Chrome/Windows', 1, 'OK'),
	(40, 20, '2025-12-25 00:45:42', '192.168.1.40', 'Edge/Windows', 0, 'Sai mat khau'),
	(41, 1, '2025-12-25 00:15:42', '192.168.1.41', 'Mobile/Android', 1, 'OK'),
	(42, 2, '2025-12-24 23:45:42', '192.168.1.42', 'Chrome/Windows', 1, 'OK'),
	(43, 3, '2025-12-24 23:15:42', '192.168.1.43', 'Edge/Windows', 1, 'OK'),
	(44, 4, '2025-12-24 22:45:42', '192.168.1.44', 'Mobile/Android', 1, 'OK'),
	(45, 5, '2025-12-24 22:15:42', '192.168.1.45', 'Chrome/Windows', 1, 'OK'),
	(46, 6, '2025-12-24 21:45:42', '192.168.1.46', 'Edge/Windows', 1, 'OK'),
	(47, 7, '2025-12-24 21:15:42', '192.168.1.47', 'Mobile/Android', 1, 'OK'),
	(48, 8, '2025-12-24 20:45:42', '192.168.1.48', 'Chrome/Windows', 1, 'OK'),
	(49, 9, '2025-12-24 20:15:42', '192.168.1.49', 'Edge/Windows', 1, 'OK'),
	(50, 10, '2025-12-24 19:45:42', '192.168.1.50', 'Mobile/Android', 1, 'OK'),
	(51, 11, '2025-12-24 19:15:42', '192.168.1.51', 'Chrome/Windows', 1, 'OK'),
	(52, 12, '2025-12-24 18:45:42', '192.168.1.52', 'Edge/Windows', 1, 'OK'),
	(53, 13, '2025-12-24 18:15:42', '192.168.1.53', 'Mobile/Android', 1, 'OK'),
	(54, 14, '2025-12-24 17:45:42', '192.168.1.54', 'Chrome/Windows', 1, 'OK'),
	(55, 15, '2025-12-24 17:15:42', '192.168.1.55', 'Edge/Windows', 1, 'OK'),
	(56, 16, '2025-12-24 16:45:42', '192.168.1.56', 'Mobile/Android', 1, 'OK'),
	(57, 17, '2025-12-24 16:15:42', '192.168.1.57', 'Chrome/Windows', 1, 'OK'),
	(58, 18, '2025-12-24 15:45:42', '192.168.1.58', 'Edge/Windows', 1, 'OK'),
	(59, 19, '2025-12-24 15:15:42', '192.168.1.59', 'Mobile/Android', 1, 'OK'),
	(60, 20, '2025-12-24 14:45:42', '192.168.1.60', 'Chrome/Windows', 0, 'Sai mat khau'),
	(61, 1, '2025-12-24 14:15:42', '192.168.1.61', 'Edge/Windows', 1, 'OK'),
	(62, 2, '2025-12-24 13:45:42', '192.168.1.62', 'Mobile/Android', 1, 'OK'),
	(63, 3, '2025-12-24 13:15:42', '192.168.1.63', 'Chrome/Windows', 1, 'OK'),
	(64, 4, '2025-12-24 12:45:42', '192.168.1.64', 'Edge/Windows', 1, 'OK'),
	(65, 5, '2025-12-24 12:15:42', '192.168.1.65', 'Mobile/Android', 1, 'OK'),
	(66, 6, '2025-12-24 11:45:42', '192.168.1.66', 'Chrome/Windows', 1, 'OK'),
	(67, 7, '2025-12-24 11:15:42', '192.168.1.67', 'Edge/Windows', 1, 'OK'),
	(68, 8, '2025-12-24 10:45:42', '192.168.1.68', 'Mobile/Android', 1, 'OK'),
	(69, 9, '2025-12-24 10:15:42', '192.168.1.69', 'Chrome/Windows', 1, 'OK'),
	(70, 10, '2025-12-24 09:45:42', '192.168.1.70', 'Edge/Windows', 1, 'OK'),
	(71, 11, '2025-12-24 09:15:42', '192.168.1.71', 'Mobile/Android', 1, 'OK'),
	(72, 12, '2025-12-24 08:45:42', '192.168.1.72', 'Chrome/Windows', 1, 'OK'),
	(73, 13, '2025-12-24 08:15:42', '192.168.1.73', 'Edge/Windows', 1, 'OK'),
	(74, 14, '2025-12-24 07:45:42', '192.168.1.74', 'Mobile/Android', 1, 'OK'),
	(75, 15, '2025-12-24 07:15:42', '192.168.1.75', 'Chrome/Windows', 1, 'OK'),
	(76, 16, '2025-12-24 06:45:42', '192.168.1.76', 'Edge/Windows', 1, 'OK'),
	(77, 17, '2025-12-24 06:15:42', '192.168.1.77', 'Mobile/Android', 1, 'OK'),
	(78, 18, '2025-12-24 05:45:42', '192.168.1.78', 'Chrome/Windows', 1, 'OK'),
	(79, 19, '2025-12-24 05:15:42', '192.168.1.79', 'Edge/Windows', 1, 'OK'),
	(80, 20, '2025-12-24 04:45:42', '192.168.1.80', 'Mobile/Android', 0, 'Sai mat khau'),
	(81, 1, '2025-12-24 04:15:42', '192.168.1.81', 'Chrome/Windows', 1, 'OK'),
	(82, 2, '2025-12-24 03:45:42', '192.168.1.82', 'Edge/Windows', 1, 'OK'),
	(83, 3, '2025-12-24 03:15:42', '192.168.1.83', 'Mobile/Android', 1, 'OK'),
	(84, 4, '2025-12-24 02:45:42', '192.168.1.84', 'Chrome/Windows', 1, 'OK'),
	(85, 5, '2025-12-24 02:15:42', '192.168.1.85', 'Edge/Windows', 1, 'OK'),
	(86, 6, '2025-12-24 01:45:42', '192.168.1.86', 'Mobile/Android', 1, 'OK'),
	(87, 7, '2025-12-24 01:15:42', '192.168.1.87', 'Chrome/Windows', 1, 'OK'),
	(88, 8, '2025-12-24 00:45:42', '192.168.1.88', 'Edge/Windows', 1, 'OK'),
	(89, 9, '2025-12-24 00:15:42', '192.168.1.89', 'Mobile/Android', 1, 'OK'),
	(90, 10, '2025-12-23 23:45:42', '192.168.1.90', 'Chrome/Windows', 1, 'OK'),
	(91, 11, '2025-12-23 23:15:42', '192.168.1.91', 'Edge/Windows', 1, 'OK'),
	(92, 12, '2025-12-23 22:45:42', '192.168.1.92', 'Mobile/Android', 1, 'OK'),
	(93, 13, '2025-12-23 22:15:42', '192.168.1.93', 'Chrome/Windows', 1, 'OK'),
	(94, 14, '2025-12-23 21:45:42', '192.168.1.94', 'Edge/Windows', 1, 'OK'),
	(95, 15, '2025-12-23 21:15:42', '192.168.1.95', 'Mobile/Android', 1, 'OK'),
	(96, 16, '2025-12-23 20:45:42', '192.168.1.96', 'Chrome/Windows', 1, 'OK'),
	(97, 17, '2025-12-23 20:15:42', '192.168.1.97', 'Edge/Windows', 1, 'OK'),
	(98, 18, '2025-12-23 19:45:42', '192.168.1.98', 'Mobile/Android', 1, 'OK'),
	(99, 19, '2025-12-23 19:15:42', '192.168.1.99', 'Chrome/Windows', 1, 'OK'),
	(100, 20, '2025-12-23 18:45:42', '192.168.1.100', 'Edge/Windows', 0, 'Sai mat khau'),
	(101, 1, '2025-12-23 18:15:42', '192.168.1.101', 'Mobile/Android', 1, 'OK'),
	(102, 2, '2025-12-23 17:45:42', '192.168.1.102', 'Chrome/Windows', 1, 'OK'),
	(103, 3, '2025-12-23 17:15:42', '192.168.1.103', 'Edge/Windows', 1, 'OK'),
	(104, 4, '2025-12-23 16:45:42', '192.168.1.104', 'Mobile/Android', 1, 'OK'),
	(105, 5, '2025-12-23 16:15:42', '192.168.1.105', 'Chrome/Windows', 1, 'OK'),
	(106, 6, '2025-12-23 15:45:42', '192.168.1.106', 'Edge/Windows', 1, 'OK'),
	(107, 7, '2025-12-23 15:15:42', '192.168.1.107', 'Mobile/Android', 1, 'OK'),
	(108, 8, '2025-12-23 14:45:42', '192.168.1.108', 'Chrome/Windows', 1, 'OK'),
	(109, 9, '2025-12-23 14:15:42', '192.168.1.109', 'Edge/Windows', 1, 'OK'),
	(110, 10, '2025-12-23 13:45:42', '192.168.1.110', 'Mobile/Android', 1, 'OK'),
	(111, 11, '2025-12-23 13:15:42', '192.168.1.111', 'Chrome/Windows', 1, 'OK'),
	(112, 12, '2025-12-23 12:45:42', '192.168.1.112', 'Edge/Windows', 1, 'OK'),
	(113, 13, '2025-12-23 12:15:42', '192.168.1.113', 'Mobile/Android', 1, 'OK'),
	(114, 14, '2025-12-23 11:45:42', '192.168.1.114', 'Chrome/Windows', 1, 'OK'),
	(115, 15, '2025-12-23 11:15:42', '192.168.1.115', 'Edge/Windows', 1, 'OK'),
	(116, 16, '2025-12-23 10:45:42', '192.168.1.116', 'Mobile/Android', 1, 'OK'),
	(117, 17, '2025-12-23 10:15:42', '192.168.1.117', 'Chrome/Windows', 1, 'OK'),
	(118, 18, '2025-12-23 09:45:42', '192.168.1.118', 'Edge/Windows', 1, 'OK'),
	(119, 19, '2025-12-23 09:15:42', '192.168.1.119', 'Mobile/Android', 1, 'OK'),
	(120, 20, '2025-12-23 08:45:42', '192.168.1.120', 'Chrome/Windows', 0, 'Sai mat khau'),
	(121, 1, '2025-12-23 08:15:42', '192.168.1.121', 'Edge/Windows', 1, 'OK'),
	(122, 2, '2025-12-23 07:45:42', '192.168.1.122', 'Mobile/Android', 1, 'OK'),
	(123, 3, '2025-12-23 07:15:42', '192.168.1.123', 'Chrome/Windows', 1, 'OK'),
	(124, 4, '2025-12-23 06:45:42', '192.168.1.124', 'Edge/Windows', 1, 'OK'),
	(125, 5, '2025-12-23 06:15:42', '192.168.1.125', 'Mobile/Android', 1, 'OK'),
	(126, 6, '2025-12-23 05:45:42', '192.168.1.126', 'Chrome/Windows', 1, 'OK'),
	(127, 7, '2025-12-23 05:15:42', '192.168.1.127', 'Edge/Windows', 1, 'OK'),
	(128, 8, '2025-12-23 04:45:42', '192.168.1.128', 'Mobile/Android', 1, 'OK'),
	(129, 9, '2025-12-23 04:15:42', '192.168.1.129', 'Chrome/Windows', 1, 'OK'),
	(130, 10, '2025-12-23 03:45:42', '192.168.1.130', 'Edge/Windows', 1, 'OK'),
	(131, 11, '2025-12-23 03:15:42', '192.168.1.131', 'Mobile/Android', 1, 'OK'),
	(132, 12, '2025-12-23 02:45:42', '192.168.1.132', 'Chrome/Windows', 1, 'OK'),
	(133, 13, '2025-12-23 02:15:42', '192.168.1.133', 'Edge/Windows', 1, 'OK'),
	(134, 14, '2025-12-23 01:45:42', '192.168.1.134', 'Mobile/Android', 1, 'OK'),
	(135, 15, '2025-12-23 01:15:42', '192.168.1.135', 'Chrome/Windows', 1, 'OK'),
	(136, 16, '2025-12-23 00:45:42', '192.168.1.136', 'Edge/Windows', 1, 'OK'),
	(137, 17, '2025-12-23 00:15:42', '192.168.1.137', 'Mobile/Android', 1, 'OK'),
	(138, 18, '2025-12-22 23:45:42', '192.168.1.138', 'Chrome/Windows', 1, 'OK'),
	(139, 19, '2025-12-22 23:15:42', '192.168.1.139', 'Edge/Windows', 1, 'OK'),
	(140, 20, '2025-12-22 22:45:42', '192.168.1.140', 'Mobile/Android', 0, 'Sai mat khau'),
	(141, 1, '2025-12-22 22:15:42', '192.168.1.141', 'Chrome/Windows', 1, 'OK'),
	(142, 2, '2025-12-22 21:45:42', '192.168.1.142', 'Edge/Windows', 1, 'OK'),
	(143, 3, '2025-12-22 21:15:42', '192.168.1.143', 'Mobile/Android', 1, 'OK'),
	(144, 4, '2025-12-22 20:45:42', '192.168.1.144', 'Chrome/Windows', 1, 'OK'),
	(145, 5, '2025-12-22 20:15:42', '192.168.1.145', 'Edge/Windows', 1, 'OK'),
	(146, 6, '2025-12-22 19:45:42', '192.168.1.146', 'Mobile/Android', 1, 'OK'),
	(147, 7, '2025-12-22 19:15:42', '192.168.1.147', 'Chrome/Windows', 1, 'OK'),
	(148, 8, '2025-12-22 18:45:42', '192.168.1.148', 'Edge/Windows', 1, 'OK'),
	(149, 9, '2025-12-22 18:15:42', '192.168.1.149', 'Mobile/Android', 1, 'OK'),
	(150, 10, '2025-12-22 17:45:42', '192.168.1.150', 'Chrome/Windows', 1, 'OK'),
	(151, 11, '2025-12-22 17:15:42', '192.168.1.151', 'Edge/Windows', 1, 'OK'),
	(152, 12, '2025-12-22 16:45:42', '192.168.1.152', 'Mobile/Android', 1, 'OK'),
	(153, 13, '2025-12-22 16:15:42', '192.168.1.153', 'Chrome/Windows', 1, 'OK'),
	(154, 14, '2025-12-22 15:45:42', '192.168.1.154', 'Edge/Windows', 1, 'OK'),
	(155, 15, '2025-12-22 15:15:42', '192.168.1.155', 'Mobile/Android', 1, 'OK'),
	(156, 16, '2025-12-22 14:45:42', '192.168.1.156', 'Chrome/Windows', 1, 'OK'),
	(157, 17, '2025-12-22 14:15:42', '192.168.1.157', 'Edge/Windows', 1, 'OK'),
	(158, 18, '2025-12-22 13:45:42', '192.168.1.158', 'Mobile/Android', 1, 'OK'),
	(159, 19, '2025-12-22 13:15:42', '192.168.1.159', 'Chrome/Windows', 1, 'OK'),
	(160, 20, '2025-12-22 12:45:42', '192.168.1.160', 'Edge/Windows', 0, 'Sai mat khau'),
	(161, 1, '2025-12-22 12:15:42', '192.168.1.161', 'Mobile/Android', 1, 'OK'),
	(162, 2, '2025-12-22 11:45:42', '192.168.1.162', 'Chrome/Windows', 1, 'OK'),
	(163, 3, '2025-12-22 11:15:42', '192.168.1.163', 'Edge/Windows', 1, 'OK'),
	(164, 4, '2025-12-22 10:45:42', '192.168.1.164', 'Mobile/Android', 1, 'OK'),
	(165, 5, '2025-12-22 10:15:42', '192.168.1.165', 'Chrome/Windows', 1, 'OK'),
	(166, 6, '2025-12-22 09:45:42', '192.168.1.166', 'Edge/Windows', 1, 'OK'),
	(167, 7, '2025-12-22 09:15:42', '192.168.1.167', 'Mobile/Android', 1, 'OK'),
	(168, 8, '2025-12-22 08:45:42', '192.168.1.168', 'Chrome/Windows', 1, 'OK'),
	(169, 9, '2025-12-22 08:15:42', '192.168.1.169', 'Edge/Windows', 1, 'OK'),
	(170, 10, '2025-12-22 07:45:42', '192.168.1.170', 'Mobile/Android', 1, 'OK'),
	(171, 11, '2025-12-22 07:15:42', '192.168.1.171', 'Chrome/Windows', 1, 'OK'),
	(172, 12, '2025-12-22 06:45:42', '192.168.1.172', 'Edge/Windows', 1, 'OK'),
	(173, 13, '2025-12-22 06:15:42', '192.168.1.173', 'Mobile/Android', 1, 'OK'),
	(174, 14, '2025-12-22 05:45:42', '192.168.1.174', 'Chrome/Windows', 1, 'OK'),
	(175, 15, '2025-12-22 05:15:42', '192.168.1.175', 'Edge/Windows', 1, 'OK'),
	(176, 16, '2025-12-22 04:45:42', '192.168.1.176', 'Mobile/Android', 1, 'OK'),
	(177, 17, '2025-12-22 04:15:42', '192.168.1.177', 'Chrome/Windows', 1, 'OK'),
	(178, 18, '2025-12-22 03:45:42', '192.168.1.178', 'Edge/Windows', 1, 'OK'),
	(179, 19, '2025-12-22 03:15:42', '192.168.1.179', 'Mobile/Android', 1, 'OK'),
	(180, 20, '2025-12-22 02:45:42', '192.168.1.180', 'Chrome/Windows', 0, 'Sai mat khau'),
	(181, 1, '2025-12-22 02:15:42', '192.168.1.181', 'Edge/Windows', 1, 'OK'),
	(182, 2, '2025-12-22 01:45:42', '192.168.1.182', 'Mobile/Android', 1, 'OK'),
	(183, 3, '2025-12-22 01:15:42', '192.168.1.183', 'Chrome/Windows', 1, 'OK'),
	(184, 4, '2025-12-22 00:45:42', '192.168.1.184', 'Edge/Windows', 1, 'OK'),
	(185, 5, '2025-12-22 00:15:42', '192.168.1.185', 'Mobile/Android', 1, 'OK'),
	(186, 6, '2025-12-21 23:45:42', '192.168.1.186', 'Chrome/Windows', 1, 'OK'),
	(187, 7, '2025-12-21 23:15:42', '192.168.1.187', 'Edge/Windows', 1, 'OK'),
	(188, 8, '2025-12-21 22:45:42', '192.168.1.188', 'Mobile/Android', 1, 'OK'),
	(189, 9, '2025-12-21 22:15:42', '192.168.1.189', 'Chrome/Windows', 1, 'OK'),
	(190, 10, '2025-12-21 21:45:42', '192.168.1.190', 'Edge/Windows', 1, 'OK'),
	(191, 11, '2025-12-21 21:15:42', '192.168.1.191', 'Mobile/Android', 1, 'OK'),
	(192, 12, '2025-12-21 20:45:42', '192.168.1.192', 'Chrome/Windows', 1, 'OK'),
	(193, 13, '2025-12-21 20:15:42', '192.168.1.193', 'Edge/Windows', 1, 'OK'),
	(194, 14, '2025-12-21 19:45:42', '192.168.1.194', 'Mobile/Android', 1, 'OK'),
	(195, 15, '2025-12-21 19:15:42', '192.168.1.195', 'Chrome/Windows', 1, 'OK'),
	(196, 16, '2025-12-21 18:45:42', '192.168.1.196', 'Edge/Windows', 1, 'OK'),
	(197, 17, '2025-12-21 18:15:42', '192.168.1.197', 'Mobile/Android', 1, 'OK'),
	(198, 18, '2025-12-21 17:45:42', '192.168.1.198', 'Chrome/Windows', 1, 'OK'),
	(199, 19, '2025-12-21 17:15:42', '192.168.1.199', 'Edge/Windows', 1, 'OK'),
	(200, 20, '2025-12-21 16:45:42', '192.168.1.200', 'Mobile/Android', 0, 'Sai mat khau');

-- Dumping structure for table quan_ly_nha_thuoc.phieu_nhap
CREATE TABLE IF NOT EXISTS `phieu_nhap` (
  `id_phieu_nhap` bigint(20) unsigned NOT NULL AUTO_INCREMENT,
  `ma_phieu_nhap` varchar(40) NOT NULL,
  `ngay_nhap` datetime NOT NULL DEFAULT current_timestamp(),
  `id_nhan_vien` bigint(20) unsigned NOT NULL,
  `id_cong_ty_cung_cap` bigint(20) unsigned DEFAULT NULL,
  `tong_tien` decimal(18,2) NOT NULL DEFAULT 0.00,
  `ghi_chu` varchar(255) DEFAULT NULL,
  `tao_luc` datetime NOT NULL DEFAULT current_timestamp(),
  PRIMARY KEY (`id_phieu_nhap`),
  UNIQUE KEY `uq_phieu_nhap_ma` (`ma_phieu_nhap`),
  KEY `idx_phieu_nhap_nv` (`id_nhan_vien`),
  KEY `idx_phieu_nhap_ncc` (`id_cong_ty_cung_cap`),
  CONSTRAINT `fk_phieu_nhap_ncc` FOREIGN KEY (`id_cong_ty_cung_cap`) REFERENCES `cong_ty` (`id_cong_ty`) ON DELETE SET NULL ON UPDATE CASCADE,
  CONSTRAINT `fk_phieu_nhap_nv` FOREIGN KEY (`id_nhan_vien`) REFERENCES `nguoi_dung` (`id_nguoi_dung`) ON UPDATE CASCADE
) ENGINE=InnoDB AUTO_INCREMENT=51 DEFAULT CHARSET=utf8mb4 COLLATE=utf8mb4_unicode_ci COMMENT='Phiếu nhập (header)';

-- Dumping data for table quan_ly_nha_thuoc.phieu_nhap: ~50 rows (approximately)
REPLACE INTO `phieu_nhap` (`id_phieu_nhap`, `ma_phieu_nhap`, `ngay_nhap`, `id_nhan_vien`, `id_cong_ty_cung_cap`, `tong_tien`, `ghi_chu`, `tao_luc`) VALUES
	(1, 'PN20251225-001', '2025-12-25 18:45:41', 5, 7, 70091.00, 'Seed phieu nhap', '2025-12-25 20:45:41'),
	(2, 'PN20251225-002', '2025-12-25 16:45:41', 6, 8, 73724.00, 'Seed phieu nhap', '2025-12-25 20:45:41'),
	(3, 'PN20251225-003', '2025-12-25 14:45:41', 4, 9, 77399.00, 'Seed phieu nhap', '2025-12-25 20:45:41'),
	(4, 'PN20251225-004', '2025-12-25 12:45:41', 5, 10, 81116.00, 'Seed phieu nhap', '2025-12-25 20:45:41'),
	(5, 'PN20251225-005', '2025-12-25 10:45:41', 6, 6, 84875.00, 'Seed phieu nhap', '2025-12-25 20:45:41'),
	(6, 'PN20251225-006', '2025-12-25 08:45:41', 4, 7, 88676.00, 'Seed phieu nhap', '2025-12-25 20:45:41'),
	(7, 'PN20251225-007', '2025-12-25 06:45:41', 5, 8, 92519.00, 'Seed phieu nhap', '2025-12-25 20:45:41'),
	(8, 'PN20251225-008', '2025-12-25 04:45:41', 6, 9, 96404.00, 'Seed phieu nhap', '2025-12-25 20:45:41'),
	(9, 'PN20251225-009', '2025-12-25 02:45:41', 4, 10, 100331.00, 'Seed phieu nhap', '2025-12-25 20:45:41'),
	(10, 'PN20251225-010', '2025-12-25 00:45:41', 5, 6, 70700.00, 'Seed phieu nhap', '2025-12-25 20:45:41'),
	(11, 'PN20251225-011', '2025-12-24 22:45:41', 6, 7, 74501.00, 'Seed phieu nhap', '2025-12-25 20:45:41'),
	(12, 'PN20251225-012', '2025-12-24 20:45:41', 4, 8, 78344.00, 'Seed phieu nhap', '2025-12-25 20:45:41'),
	(13, 'PN20251225-013', '2025-12-24 18:45:41', 5, 9, 82229.00, 'Seed phieu nhap', '2025-12-25 20:45:41'),
	(14, 'PN20251225-014', '2025-12-24 16:45:41', 6, 10, 86156.00, 'Seed phieu nhap', '2025-12-25 20:45:41'),
	(15, 'PN20251225-015', '2025-12-24 14:45:41', 4, 6, 90125.00, 'Seed phieu nhap', '2025-12-25 20:45:41'),
	(16, 'PN20251225-016', '2025-12-24 12:45:41', 5, 7, 94136.00, 'Seed phieu nhap', '2025-12-25 20:45:41'),
	(17, 'PN20251225-017', '2025-12-24 10:45:41', 6, 8, 98189.00, 'Seed phieu nhap', '2025-12-25 20:45:41'),
	(18, 'PN20251225-018', '2025-12-24 08:45:41', 4, 9, 102284.00, 'Seed phieu nhap', '2025-12-25 20:45:41'),
	(19, 'PN20251225-019', '2025-12-24 06:45:41', 5, 10, 106421.00, 'Seed phieu nhap', '2025-12-25 20:45:41'),
	(20, 'PN20251225-020', '2025-12-24 04:45:41', 6, 6, 64400.00, 'Seed phieu nhap', '2025-12-25 20:45:41'),
	(21, 'PN20251225-021', '2025-12-24 02:45:41', 4, 7, 68411.00, 'Seed phieu nhap', '2025-12-25 20:45:41'),
	(22, 'PN20251225-022', '2025-12-24 00:45:41', 5, 8, 72464.00, 'Seed phieu nhap', '2025-12-25 20:45:41'),
	(23, 'PN20251225-023', '2025-12-23 22:45:41', 6, 9, 76559.00, 'Seed phieu nhap', '2025-12-25 20:45:41'),
	(24, 'PN20251225-024', '2025-12-23 20:45:41', 4, 10, 80696.00, 'Seed phieu nhap', '2025-12-25 20:45:41'),
	(25, 'PN20251225-025', '2025-12-23 18:45:41', 5, 6, 84875.00, 'Seed phieu nhap', '2025-12-25 20:45:41'),
	(26, 'PN20251225-026', '2025-12-23 16:45:41', 6, 7, 89096.00, 'Seed phieu nhap', '2025-12-25 20:45:41'),
	(27, 'PN20251225-027', '2025-12-23 14:45:41', 4, 8, 93359.00, 'Seed phieu nhap', '2025-12-25 20:45:41'),
	(28, 'PN20251225-028', '2025-12-23 12:45:41', 5, 9, 97664.00, 'Seed phieu nhap', '2025-12-25 20:45:41'),
	(29, 'PN20251225-029', '2025-12-23 10:45:41', 6, 10, 102011.00, 'Seed phieu nhap', '2025-12-25 20:45:41'),
	(30, 'PN20251225-030', '2025-12-23 08:45:41', 4, 6, 79100.00, 'Seed phieu nhap', '2025-12-25 20:45:41'),
	(31, 'PN20251225-031', '2025-12-23 06:45:41', 5, 7, 83321.00, 'Seed phieu nhap', '2025-12-25 20:45:41'),
	(32, 'PN20251225-032', '2025-12-23 04:45:41', 6, 8, 87584.00, 'Seed phieu nhap', '2025-12-25 20:45:41'),
	(33, 'PN20251225-033', '2025-12-23 02:45:41', 4, 9, 91889.00, 'Seed phieu nhap', '2025-12-25 20:45:41'),
	(34, 'PN20251225-034', '2025-12-23 00:45:41', 5, 10, 96236.00, 'Seed phieu nhap', '2025-12-25 20:45:41'),
	(35, 'PN20251225-035', '2025-12-22 22:45:41', 6, 6, 100625.00, 'Seed phieu nhap', '2025-12-25 20:45:41'),
	(36, 'PN20251225-036', '2025-12-22 20:45:41', 4, 7, 105056.00, 'Seed phieu nhap', '2025-12-25 20:45:41'),
	(37, 'PN20251225-037', '2025-12-22 18:45:41', 5, 8, 109529.00, 'Seed phieu nhap', '2025-12-25 20:45:41'),
	(38, 'PN20251225-038', '2025-12-22 16:45:41', 6, 9, 114044.00, 'Seed phieu nhap', '2025-12-25 20:45:41'),
	(39, 'PN20251225-039', '2025-12-22 14:45:41', 4, 10, 118601.00, 'Seed phieu nhap', '2025-12-25 20:45:41'),
	(40, 'PN20251225-040', '2025-12-22 12:45:41', 5, 6, 83300.00, 'Seed phieu nhap', '2025-12-25 20:45:41'),
	(41, 'PN20251225-041', '2025-12-22 10:45:41', 6, 7, 87731.00, 'Seed phieu nhap', '2025-12-25 20:45:41'),
	(42, 'PN20251225-042', '2025-12-22 08:45:41', 4, 8, 92204.00, 'Seed phieu nhap', '2025-12-25 20:45:41'),
	(43, 'PN20251225-043', '2025-12-22 06:45:41', 5, 9, 96719.00, 'Seed phieu nhap', '2025-12-25 20:45:41'),
	(44, 'PN20251225-044', '2025-12-22 04:45:41', 6, 10, 101276.00, 'Seed phieu nhap', '2025-12-25 20:45:41'),
	(45, 'PN20251225-045', '2025-12-22 02:45:41', 4, 6, 105875.00, 'Seed phieu nhap', '2025-12-25 20:45:41'),
	(46, 'PN20251225-046', '2025-12-22 00:45:41', 5, 7, 110516.00, 'Seed phieu nhap', '2025-12-25 20:45:41'),
	(47, 'PN20251225-047', '2025-12-21 22:45:41', 6, 8, 115199.00, 'Seed phieu nhap', '2025-12-25 20:45:41'),
	(48, 'PN20251225-048', '2025-12-21 20:45:41', 4, 9, 119924.00, 'Seed phieu nhap', '2025-12-25 20:45:41'),
	(49, 'PN20251225-049', '2025-12-21 18:45:41', 5, 10, 124691.00, 'Seed phieu nhap', '2025-12-25 20:45:41'),
	(50, 'PN20251225-050', '2025-12-21 16:45:41', 6, 6, 77000.00, 'Seed phieu nhap', '2025-12-25 20:45:41');

-- Dumping structure for procedure quan_ly_nha_thuoc.sp_bao_cao_doanh_thu_thang
DELIMITER //
CREATE PROCEDURE `sp_bao_cao_doanh_thu_thang`(
  IN p_nam INT,
  IN p_thang INT
)
BEGIN
  SELECT
    DATE_FORMAT(hd.thoi_gian, '%Y-%m') AS thang,
    COUNT(hd.id_hoa_don) AS so_hoa_don,
    SUM(hd.tong_tien) AS doanh_thu,
    ROUND(AVG(hd.tong_tien), 2) AS tb_tien_moi_hoa_don
  FROM hoa_don hd
  WHERE YEAR(hd.thoi_gian) = p_nam
    AND MONTH(hd.thoi_gian) = p_thang
  GROUP BY DATE_FORMAT(hd.thoi_gian, '%Y-%m');
END//
DELIMITER ;

-- Dumping structure for table quan_ly_nha_thuoc.thuoc
CREATE TABLE IF NOT EXISTS `thuoc` (
  `id_thuoc` bigint(20) unsigned NOT NULL AUTO_INCREMENT,
  `ma_vach` varchar(50) NOT NULL COMMENT 'Mã vạch (duy nhất)',
  `ten_thuoc` varchar(200) NOT NULL,
  `don_vi_tinh` varchar(40) NOT NULL,
  `ham_luong` varchar(80) DEFAULT NULL,
  `dang_bao_che` varchar(80) DEFAULT NULL,
  `gia_ban_de_xuat` decimal(18,2) DEFAULT NULL,
  `id_cong_ty_san_xuat` bigint(20) unsigned DEFAULT NULL COMMENT 'FK -> cong_ty (NSX)',
  `mo_ta` varchar(255) DEFAULT NULL,
  `tao_luc` datetime NOT NULL DEFAULT current_timestamp(),
  `cap_nhat_luc` datetime NOT NULL DEFAULT current_timestamp() ON UPDATE current_timestamp(),
  PRIMARY KEY (`id_thuoc`),
  UNIQUE KEY `uq_thuoc_ma_vach` (`ma_vach`),
  KEY `idx_thuoc_cong_ty_sx` (`id_cong_ty_san_xuat`),
  CONSTRAINT `fk_thuoc_cong_ty_sx` FOREIGN KEY (`id_cong_ty_san_xuat`) REFERENCES `cong_ty` (`id_cong_ty`) ON DELETE SET NULL ON UPDATE CASCADE
) ENGINE=InnoDB AUTO_INCREMENT=751 DEFAULT CHARSET=utf8mb4 COLLATE=utf8mb4_unicode_ci COMMENT='Danh mục thuốc (chuẩn)';

-- Dumping data for table quan_ly_nha_thuoc.thuoc: ~150 rows (approximately)
REPLACE INTO `thuoc` (`id_thuoc`, `ma_vach`, `ten_thuoc`, `don_vi_tinh`, `ham_luong`, `dang_bao_che`, `gia_ban_de_xuat`, `id_cong_ty_san_xuat`, `mo_ta`, `tao_luc`, `cap_nhat_luc`) VALUES
	(1, 'MV000001', 'Thuoc loai 1 - so 1', 'vien', '500mg', 'Vien nen', 1050.00, 1, 'Du lieu mau: 5 loai x 30', '2025-12-25 20:22:36', '2025-12-25 20:22:36'),
	(2, 'MV000002', 'Thuoc loai 1 - so 2', 'vien', '500mg', 'Vien nen', 1100.00, 1, 'Du lieu mau: 5 loai x 30', '2025-12-25 20:22:36', '2025-12-25 20:22:36'),
	(3, 'MV000003', 'Thuoc loai 1 - so 3', 'vien', '500mg', 'Vien nen', 1150.00, 1, 'Du lieu mau: 5 loai x 30', '2025-12-25 20:22:36', '2025-12-25 20:22:36'),
	(4, 'MV000004', 'Thuoc loai 1 - so 4', 'vien', '500mg', 'Vien nen', 1200.00, 1, 'Du lieu mau: 5 loai x 30', '2025-12-25 20:22:36', '2025-12-25 20:22:36'),
	(5, 'MV000005', 'Thuoc loai 1 - so 5', 'vien', '500mg', 'Vien nen', 1250.00, 1, 'Du lieu mau: 5 loai x 30', '2025-12-25 20:22:36', '2025-12-25 20:22:36'),
	(6, 'MV000006', 'Thuoc loai 1 - so 6', 'vien', '500mg', 'Vien nen', 1300.00, 1, 'Du lieu mau: 5 loai x 30', '2025-12-25 20:22:36', '2025-12-25 20:22:36'),
	(7, 'MV000007', 'Thuoc loai 1 - so 7', 'vien', '500mg', 'Vien nen', 1350.00, 1, 'Du lieu mau: 5 loai x 30', '2025-12-25 20:22:36', '2025-12-25 20:22:36'),
	(8, 'MV000008', 'Thuoc loai 1 - so 8', 'vien', '500mg', 'Vien nen', 1400.00, 1, 'Du lieu mau: 5 loai x 30', '2025-12-25 20:22:36', '2025-12-25 20:22:36'),
	(9, 'MV000009', 'Thuoc loai 1 - so 9', 'vien', '500mg', 'Vien nen', 1450.00, 1, 'Du lieu mau: 5 loai x 30', '2025-12-25 20:22:36', '2025-12-25 20:22:36'),
	(10, 'MV000010', 'Thuoc loai 1 - so 10', 'vien', '500mg', 'Vien nen', 1500.00, 1, 'Du lieu mau: 5 loai x 30', '2025-12-25 20:22:36', '2025-12-25 20:22:36'),
	(11, 'MV000011', 'Thuoc loai 1 - so 11', 'vien', '500mg', 'Vien nen', 1550.00, 1, 'Du lieu mau: 5 loai x 30', '2025-12-25 20:22:36', '2025-12-25 20:22:36'),
	(12, 'MV000012', 'Thuoc loai 1 - so 12', 'vien', '500mg', 'Vien nen', 1600.00, 1, 'Du lieu mau: 5 loai x 30', '2025-12-25 20:22:36', '2025-12-25 20:22:36'),
	(13, 'MV000013', 'Thuoc loai 1 - so 13', 'vien', '500mg', 'Vien nen', 1650.00, 1, 'Du lieu mau: 5 loai x 30', '2025-12-25 20:22:36', '2025-12-25 20:22:36'),
	(14, 'MV000014', 'Thuoc loai 1 - so 14', 'vien', '500mg', 'Vien nen', 1700.00, 1, 'Du lieu mau: 5 loai x 30', '2025-12-25 20:22:36', '2025-12-25 20:22:36'),
	(15, 'MV000015', 'Thuoc loai 1 - so 15', 'vien', '500mg', 'Vien nen', 1750.00, 1, 'Du lieu mau: 5 loai x 30', '2025-12-25 20:22:36', '2025-12-25 20:22:36'),
	(16, 'MV000016', 'Thuoc loai 1 - so 16', 'vien', '500mg', 'Vien nen', 1800.00, 1, 'Du lieu mau: 5 loai x 30', '2025-12-25 20:22:36', '2025-12-25 20:22:36'),
	(17, 'MV000017', 'Thuoc loai 1 - so 17', 'vien', '500mg', 'Vien nen', 1850.00, 1, 'Du lieu mau: 5 loai x 30', '2025-12-25 20:22:36', '2025-12-25 20:22:36'),
	(18, 'MV000018', 'Thuoc loai 1 - so 18', 'vien', '500mg', 'Vien nen', 1900.00, 1, 'Du lieu mau: 5 loai x 30', '2025-12-25 20:22:36', '2025-12-25 20:22:36'),
	(19, 'MV000019', 'Thuoc loai 1 - so 19', 'vien', '500mg', 'Vien nen', 1950.00, 1, 'Du lieu mau: 5 loai x 30', '2025-12-25 20:22:36', '2025-12-25 20:22:36'),
	(20, 'MV000020', 'Thuoc loai 1 - so 20', 'vien', '500mg', 'Vien nen', 2000.00, 1, 'Du lieu mau: 5 loai x 30', '2025-12-25 20:22:36', '2025-12-25 20:22:36'),
	(21, 'MV000021', 'Thuoc loai 1 - so 21', 'vien', '500mg', 'Vien nen', 2050.00, 1, 'Du lieu mau: 5 loai x 30', '2025-12-25 20:22:36', '2025-12-25 20:22:36'),
	(22, 'MV000022', 'Thuoc loai 1 - so 22', 'vien', '500mg', 'Vien nen', 2100.00, 1, 'Du lieu mau: 5 loai x 30', '2025-12-25 20:22:36', '2025-12-25 20:22:36'),
	(23, 'MV000023', 'Thuoc loai 1 - so 23', 'vien', '500mg', 'Vien nen', 2150.00, 1, 'Du lieu mau: 5 loai x 30', '2025-12-25 20:22:36', '2025-12-25 20:22:36'),
	(24, 'MV000024', 'Thuoc loai 1 - so 24', 'vien', '500mg', 'Vien nen', 2200.00, 1, 'Du lieu mau: 5 loai x 30', '2025-12-25 20:22:36', '2025-12-25 20:22:36'),
	(25, 'MV000025', 'Thuoc loai 1 - so 25', 'vien', '500mg', 'Vien nen', 2250.00, 1, 'Du lieu mau: 5 loai x 30', '2025-12-25 20:22:36', '2025-12-25 20:22:36'),
	(26, 'MV000026', 'Thuoc loai 1 - so 26', 'vien', '500mg', 'Vien nen', 2300.00, 1, 'Du lieu mau: 5 loai x 30', '2025-12-25 20:22:36', '2025-12-25 20:22:36'),
	(27, 'MV000027', 'Thuoc loai 1 - so 27', 'vien', '500mg', 'Vien nen', 2350.00, 1, 'Du lieu mau: 5 loai x 30', '2025-12-25 20:22:36', '2025-12-25 20:22:36'),
	(28, 'MV000028', 'Thuoc loai 1 - so 28', 'vien', '500mg', 'Vien nen', 2400.00, 1, 'Du lieu mau: 5 loai x 30', '2025-12-25 20:22:36', '2025-12-25 20:22:36'),
	(29, 'MV000029', 'Thuoc loai 1 - so 29', 'vien', '500mg', 'Vien nen', 2450.00, 1, 'Du lieu mau: 5 loai x 30', '2025-12-25 20:22:36', '2025-12-25 20:22:36'),
	(30, 'MV000030', 'Thuoc loai 1 - so 30', 'vien', '500mg', 'Vien nen', 2500.00, 1, 'Du lieu mau: 5 loai x 30', '2025-12-25 20:22:36', '2025-12-25 20:22:36'),
	(31, 'MV000031', 'Thuoc loai 2 - so 1', 'vien', '250mg', 'Vien nen', 2550.00, 2, 'Du lieu mau: 5 loai x 30', '2025-12-25 20:22:36', '2025-12-25 20:22:36'),
	(32, 'MV000032', 'Thuoc loai 2 - so 2', 'vien', '250mg', 'Vien nen', 2600.00, 2, 'Du lieu mau: 5 loai x 30', '2025-12-25 20:22:36', '2025-12-25 20:22:36'),
	(33, 'MV000033', 'Thuoc loai 2 - so 3', 'vien', '250mg', 'Vien nen', 2650.00, 2, 'Du lieu mau: 5 loai x 30', '2025-12-25 20:22:36', '2025-12-25 20:22:36'),
	(34, 'MV000034', 'Thuoc loai 2 - so 4', 'vien', '250mg', 'Vien nen', 2700.00, 2, 'Du lieu mau: 5 loai x 30', '2025-12-25 20:22:36', '2025-12-25 20:22:36'),
	(35, 'MV000035', 'Thuoc loai 2 - so 5', 'vien', '250mg', 'Vien nen', 2750.00, 2, 'Du lieu mau: 5 loai x 30', '2025-12-25 20:22:36', '2025-12-25 20:22:36'),
	(36, 'MV000036', 'Thuoc loai 2 - so 6', 'vien', '250mg', 'Vien nen', 2800.00, 2, 'Du lieu mau: 5 loai x 30', '2025-12-25 20:22:36', '2025-12-25 20:22:36'),
	(37, 'MV000037', 'Thuoc loai 2 - so 7', 'vien', '250mg', 'Vien nen', 2850.00, 2, 'Du lieu mau: 5 loai x 30', '2025-12-25 20:22:36', '2025-12-25 20:22:36'),
	(38, 'MV000038', 'Thuoc loai 2 - so 8', 'vien', '250mg', 'Vien nen', 2900.00, 2, 'Du lieu mau: 5 loai x 30', '2025-12-25 20:22:36', '2025-12-25 20:22:36'),
	(39, 'MV000039', 'Thuoc loai 2 - so 9', 'vien', '250mg', 'Vien nen', 2950.00, 2, 'Du lieu mau: 5 loai x 30', '2025-12-25 20:22:36', '2025-12-25 20:22:36'),
	(40, 'MV000040', 'Thuoc loai 2 - so 10', 'vien', '250mg', 'Vien nen', 3000.00, 2, 'Du lieu mau: 5 loai x 30', '2025-12-25 20:22:36', '2025-12-25 20:22:36'),
	(41, 'MV000041', 'Thuoc loai 2 - so 11', 'vien', '250mg', 'Vien nen', 3050.00, 2, 'Du lieu mau: 5 loai x 30', '2025-12-25 20:22:36', '2025-12-25 20:22:36'),
	(42, 'MV000042', 'Thuoc loai 2 - so 12', 'vien', '250mg', 'Vien nen', 3100.00, 2, 'Du lieu mau: 5 loai x 30', '2025-12-25 20:22:36', '2025-12-25 20:22:36'),
	(43, 'MV000043', 'Thuoc loai 2 - so 13', 'vien', '250mg', 'Vien nen', 3150.00, 2, 'Du lieu mau: 5 loai x 30', '2025-12-25 20:22:36', '2025-12-25 20:22:36'),
	(44, 'MV000044', 'Thuoc loai 2 - so 14', 'vien', '250mg', 'Vien nen', 3200.00, 2, 'Du lieu mau: 5 loai x 30', '2025-12-25 20:22:36', '2025-12-25 20:22:36'),
	(45, 'MV000045', 'Thuoc loai 2 - so 15', 'vien', '250mg', 'Vien nen', 3250.00, 2, 'Du lieu mau: 5 loai x 30', '2025-12-25 20:22:36', '2025-12-25 20:22:36'),
	(46, 'MV000046', 'Thuoc loai 2 - so 16', 'vien', '250mg', 'Vien nen', 3300.00, 2, 'Du lieu mau: 5 loai x 30', '2025-12-25 20:22:36', '2025-12-25 20:22:36'),
	(47, 'MV000047', 'Thuoc loai 2 - so 17', 'vien', '250mg', 'Vien nen', 3350.00, 2, 'Du lieu mau: 5 loai x 30', '2025-12-25 20:22:36', '2025-12-25 20:22:36'),
	(48, 'MV000048', 'Thuoc loai 2 - so 18', 'vien', '250mg', 'Vien nen', 3400.00, 2, 'Du lieu mau: 5 loai x 30', '2025-12-25 20:22:36', '2025-12-25 20:22:36'),
	(49, 'MV000049', 'Thuoc loai 2 - so 19', 'vien', '250mg', 'Vien nen', 3450.00, 2, 'Du lieu mau: 5 loai x 30', '2025-12-25 20:22:36', '2025-12-25 20:22:36'),
	(50, 'MV000050', 'Thuoc loai 2 - so 20', 'vien', '250mg', 'Vien nen', 3500.00, 2, 'Du lieu mau: 5 loai x 30', '2025-12-25 20:22:36', '2025-12-25 20:22:36'),
	(51, 'MV000051', 'Thuoc loai 2 - so 21', 'vien', '250mg', 'Vien nen', 3550.00, 2, 'Du lieu mau: 5 loai x 30', '2025-12-25 20:22:36', '2025-12-25 20:22:36'),
	(52, 'MV000052', 'Thuoc loai 2 - so 22', 'vien', '250mg', 'Vien nen', 3600.00, 2, 'Du lieu mau: 5 loai x 30', '2025-12-25 20:22:36', '2025-12-25 20:22:36'),
	(53, 'MV000053', 'Thuoc loai 2 - so 23', 'vien', '250mg', 'Vien nen', 3650.00, 2, 'Du lieu mau: 5 loai x 30', '2025-12-25 20:22:36', '2025-12-25 20:22:36'),
	(54, 'MV000054', 'Thuoc loai 2 - so 24', 'vien', '250mg', 'Vien nen', 3700.00, 2, 'Du lieu mau: 5 loai x 30', '2025-12-25 20:22:36', '2025-12-25 20:22:36'),
	(55, 'MV000055', 'Thuoc loai 2 - so 25', 'vien', '250mg', 'Vien nen', 3750.00, 2, 'Du lieu mau: 5 loai x 30', '2025-12-25 20:22:36', '2025-12-25 20:22:36'),
	(56, 'MV000056', 'Thuoc loai 2 - so 26', 'vien', '250mg', 'Vien nen', 3800.00, 2, 'Du lieu mau: 5 loai x 30', '2025-12-25 20:22:36', '2025-12-25 20:22:36'),
	(57, 'MV000057', 'Thuoc loai 2 - so 27', 'vien', '250mg', 'Vien nen', 3850.00, 2, 'Du lieu mau: 5 loai x 30', '2025-12-25 20:22:36', '2025-12-25 20:22:36'),
	(58, 'MV000058', 'Thuoc loai 2 - so 28', 'vien', '250mg', 'Vien nen', 3900.00, 2, 'Du lieu mau: 5 loai x 30', '2025-12-25 20:22:36', '2025-12-25 20:22:36'),
	(59, 'MV000059', 'Thuoc loai 2 - so 29', 'vien', '250mg', 'Vien nen', 3950.00, 2, 'Du lieu mau: 5 loai x 30', '2025-12-25 20:22:36', '2025-12-25 20:22:36'),
	(60, 'MV000060', 'Thuoc loai 2 - so 30', 'vien', '250mg', 'Vien nen', 4000.00, 2, 'Du lieu mau: 5 loai x 30', '2025-12-25 20:22:36', '2025-12-25 20:22:36'),
	(61, 'MV000061', 'Thuoc loai 3 - so 1', 'vien', '1000mg', 'Vien nen', 4050.00, 3, 'Du lieu mau: 5 loai x 30', '2025-12-25 20:22:36', '2025-12-25 20:22:36'),
	(62, 'MV000062', 'Thuoc loai 3 - so 2', 'vien', '1000mg', 'Vien nen', 4100.00, 3, 'Du lieu mau: 5 loai x 30', '2025-12-25 20:22:36', '2025-12-25 20:22:36'),
	(63, 'MV000063', 'Thuoc loai 3 - so 3', 'vien', '1000mg', 'Vien nen', 4150.00, 3, 'Du lieu mau: 5 loai x 30', '2025-12-25 20:22:36', '2025-12-25 20:22:36'),
	(64, 'MV000064', 'Thuoc loai 3 - so 4', 'vien', '1000mg', 'Vien nen', 4200.00, 3, 'Du lieu mau: 5 loai x 30', '2025-12-25 20:22:36', '2025-12-25 20:22:36'),
	(65, 'MV000065', 'Thuoc loai 3 - so 5', 'vien', '1000mg', 'Vien nen', 4250.00, 3, 'Du lieu mau: 5 loai x 30', '2025-12-25 20:22:36', '2025-12-25 20:22:36'),
	(66, 'MV000066', 'Thuoc loai 3 - so 6', 'vien', '1000mg', 'Vien nen', 4300.00, 3, 'Du lieu mau: 5 loai x 30', '2025-12-25 20:22:36', '2025-12-25 20:22:36'),
	(67, 'MV000067', 'Thuoc loai 3 - so 7', 'vien', '1000mg', 'Vien nen', 4350.00, 3, 'Du lieu mau: 5 loai x 30', '2025-12-25 20:22:36', '2025-12-25 20:22:36'),
	(68, 'MV000068', 'Thuoc loai 3 - so 8', 'vien', '1000mg', 'Vien nen', 4400.00, 3, 'Du lieu mau: 5 loai x 30', '2025-12-25 20:22:36', '2025-12-25 20:22:36'),
	(69, 'MV000069', 'Thuoc loai 3 - so 9', 'vien', '1000mg', 'Vien nen', 4450.00, 3, 'Du lieu mau: 5 loai x 30', '2025-12-25 20:22:36', '2025-12-25 20:22:36'),
	(70, 'MV000070', 'Thuoc loai 3 - so 10', 'vien', '1000mg', 'Vien nen', 4500.00, 3, 'Du lieu mau: 5 loai x 30', '2025-12-25 20:22:36', '2025-12-25 20:22:36'),
	(71, 'MV000071', 'Thuoc loai 3 - so 11', 'vien', '1000mg', 'Vien nen', 4550.00, 3, 'Du lieu mau: 5 loai x 30', '2025-12-25 20:22:36', '2025-12-25 20:22:36'),
	(72, 'MV000072', 'Thuoc loai 3 - so 12', 'vien', '1000mg', 'Vien nen', 4600.00, 3, 'Du lieu mau: 5 loai x 30', '2025-12-25 20:22:36', '2025-12-25 20:22:36'),
	(73, 'MV000073', 'Thuoc loai 3 - so 13', 'vien', '1000mg', 'Vien nen', 4650.00, 3, 'Du lieu mau: 5 loai x 30', '2025-12-25 20:22:36', '2025-12-25 20:22:36'),
	(74, 'MV000074', 'Thuoc loai 3 - so 14', 'vien', '1000mg', 'Vien nen', 4700.00, 3, 'Du lieu mau: 5 loai x 30', '2025-12-25 20:22:36', '2025-12-25 20:22:36'),
	(75, 'MV000075', 'Thuoc loai 3 - so 15', 'vien', '1000mg', 'Vien nen', 4750.00, 3, 'Du lieu mau: 5 loai x 30', '2025-12-25 20:22:36', '2025-12-25 20:22:36'),
	(76, 'MV000076', 'Thuoc loai 3 - so 16', 'vien', '1000mg', 'Vien nen', 4800.00, 3, 'Du lieu mau: 5 loai x 30', '2025-12-25 20:22:36', '2025-12-25 20:22:36'),
	(77, 'MV000077', 'Thuoc loai 3 - so 17', 'vien', '1000mg', 'Vien nen', 4850.00, 3, 'Du lieu mau: 5 loai x 30', '2025-12-25 20:22:36', '2025-12-25 20:22:36'),
	(78, 'MV000078', 'Thuoc loai 3 - so 18', 'vien', '1000mg', 'Vien nen', 4900.00, 3, 'Du lieu mau: 5 loai x 30', '2025-12-25 20:22:36', '2025-12-25 20:22:36'),
	(79, 'MV000079', 'Thuoc loai 3 - so 19', 'vien', '1000mg', 'Vien nen', 4950.00, 3, 'Du lieu mau: 5 loai x 30', '2025-12-25 20:22:36', '2025-12-25 20:22:36'),
	(80, 'MV000080', 'Thuoc loai 3 - so 20', 'vien', '1000mg', 'Vien nen', 5000.00, 3, 'Du lieu mau: 5 loai x 30', '2025-12-25 20:22:36', '2025-12-25 20:22:36'),
	(81, 'MV000081', 'Thuoc loai 3 - so 21', 'vien', '1000mg', 'Vien nen', 5050.00, 3, 'Du lieu mau: 5 loai x 30', '2025-12-25 20:22:36', '2025-12-25 20:22:36'),
	(82, 'MV000082', 'Thuoc loai 3 - so 22', 'vien', '1000mg', 'Vien nen', 5100.00, 3, 'Du lieu mau: 5 loai x 30', '2025-12-25 20:22:36', '2025-12-25 20:22:36'),
	(83, 'MV000083', 'Thuoc loai 3 - so 23', 'vien', '1000mg', 'Vien nen', 5150.00, 3, 'Du lieu mau: 5 loai x 30', '2025-12-25 20:22:36', '2025-12-25 20:22:36'),
	(84, 'MV000084', 'Thuoc loai 3 - so 24', 'vien', '1000mg', 'Vien nen', 5200.00, 3, 'Du lieu mau: 5 loai x 30', '2025-12-25 20:22:36', '2025-12-25 20:22:36'),
	(85, 'MV000085', 'Thuoc loai 3 - so 25', 'vien', '1000mg', 'Vien nen', 5250.00, 3, 'Du lieu mau: 5 loai x 30', '2025-12-25 20:22:36', '2025-12-25 20:22:36'),
	(86, 'MV000086', 'Thuoc loai 3 - so 26', 'vien', '1000mg', 'Vien nen', 5300.00, 3, 'Du lieu mau: 5 loai x 30', '2025-12-25 20:22:36', '2025-12-25 20:22:36'),
	(87, 'MV000087', 'Thuoc loai 3 - so 27', 'vien', '1000mg', 'Vien nen', 5350.00, 3, 'Du lieu mau: 5 loai x 30', '2025-12-25 20:22:36', '2025-12-25 20:22:36'),
	(88, 'MV000088', 'Thuoc loai 3 - so 28', 'vien', '1000mg', 'Vien nen', 5400.00, 3, 'Du lieu mau: 5 loai x 30', '2025-12-25 20:22:36', '2025-12-25 20:22:36'),
	(89, 'MV000089', 'Thuoc loai 3 - so 29', 'vien', '1000mg', 'Vien nen', 5450.00, 3, 'Du lieu mau: 5 loai x 30', '2025-12-25 20:22:36', '2025-12-25 20:22:36'),
	(90, 'MV000090', 'Thuoc loai 3 - so 30', 'vien', '1000mg', 'Vien nen', 5500.00, 3, 'Du lieu mau: 5 loai x 30', '2025-12-25 20:22:36', '2025-12-25 20:22:36'),
	(91, 'MV000091', 'Thuoc loai 4 - so 1', 'vien', '20mg', 'Vien nang', 5550.00, 4, 'Du lieu mau: 5 loai x 30', '2025-12-25 20:22:36', '2025-12-25 20:22:36'),
	(92, 'MV000092', 'Thuoc loai 4 - so 2', 'vien', '20mg', 'Vien nang', 5600.00, 4, 'Du lieu mau: 5 loai x 30', '2025-12-25 20:22:36', '2025-12-25 20:22:36'),
	(93, 'MV000093', 'Thuoc loai 4 - so 3', 'vien', '20mg', 'Vien nang', 5650.00, 4, 'Du lieu mau: 5 loai x 30', '2025-12-25 20:22:36', '2025-12-25 20:22:36'),
	(94, 'MV000094', 'Thuoc loai 4 - so 4', 'vien', '20mg', 'Vien nang', 5700.00, 4, 'Du lieu mau: 5 loai x 30', '2025-12-25 20:22:36', '2025-12-25 20:22:36'),
	(95, 'MV000095', 'Thuoc loai 4 - so 5', 'vien', '20mg', 'Vien nang', 5750.00, 4, 'Du lieu mau: 5 loai x 30', '2025-12-25 20:22:36', '2025-12-25 20:22:36'),
	(96, 'MV000096', 'Thuoc loai 4 - so 6', 'vien', '20mg', 'Vien nang', 5800.00, 4, 'Du lieu mau: 5 loai x 30', '2025-12-25 20:22:36', '2025-12-25 20:22:36'),
	(97, 'MV000097', 'Thuoc loai 4 - so 7', 'vien', '20mg', 'Vien nang', 5850.00, 4, 'Du lieu mau: 5 loai x 30', '2025-12-25 20:22:36', '2025-12-25 20:22:36'),
	(98, 'MV000098', 'Thuoc loai 4 - so 8', 'vien', '20mg', 'Vien nang', 5900.00, 4, 'Du lieu mau: 5 loai x 30', '2025-12-25 20:22:36', '2025-12-25 20:22:36'),
	(99, 'MV000099', 'Thuoc loai 4 - so 9', 'vien', '20mg', 'Vien nang', 5950.00, 4, 'Du lieu mau: 5 loai x 30', '2025-12-25 20:22:36', '2025-12-25 20:22:36'),
	(100, 'MV000100', 'Thuoc loai 4 - so 10', 'vien', '20mg', 'Vien nang', 6000.00, 4, 'Du lieu mau: 5 loai x 30', '2025-12-25 20:22:36', '2025-12-25 20:22:36'),
	(101, 'MV000101', 'Thuoc loai 4 - so 11', 'vien', '20mg', 'Vien nang', 6050.00, 4, 'Du lieu mau: 5 loai x 30', '2025-12-25 20:22:36', '2025-12-25 20:22:36'),
	(102, 'MV000102', 'Thuoc loai 4 - so 12', 'vien', '20mg', 'Vien nang', 6100.00, 4, 'Du lieu mau: 5 loai x 30', '2025-12-25 20:22:36', '2025-12-25 20:22:36'),
	(103, 'MV000103', 'Thuoc loai 4 - so 13', 'vien', '20mg', 'Vien nang', 6150.00, 4, 'Du lieu mau: 5 loai x 30', '2025-12-25 20:22:36', '2025-12-25 20:22:36'),
	(104, 'MV000104', 'Thuoc loai 4 - so 14', 'vien', '20mg', 'Vien nang', 6200.00, 4, 'Du lieu mau: 5 loai x 30', '2025-12-25 20:22:36', '2025-12-25 20:22:36'),
	(105, 'MV000105', 'Thuoc loai 4 - so 15', 'vien', '20mg', 'Vien nang', 6250.00, 4, 'Du lieu mau: 5 loai x 30', '2025-12-25 20:22:36', '2025-12-25 20:22:36'),
	(106, 'MV000106', 'Thuoc loai 4 - so 16', 'vien', '20mg', 'Vien nang', 6300.00, 4, 'Du lieu mau: 5 loai x 30', '2025-12-25 20:22:36', '2025-12-25 20:22:36'),
	(107, 'MV000107', 'Thuoc loai 4 - so 17', 'vien', '20mg', 'Vien nang', 6350.00, 4, 'Du lieu mau: 5 loai x 30', '2025-12-25 20:22:36', '2025-12-25 20:22:36'),
	(108, 'MV000108', 'Thuoc loai 4 - so 18', 'vien', '20mg', 'Vien nang', 6400.00, 4, 'Du lieu mau: 5 loai x 30', '2025-12-25 20:22:36', '2025-12-25 20:22:36'),
	(109, 'MV000109', 'Thuoc loai 4 - so 19', 'vien', '20mg', 'Vien nang', 6450.00, 4, 'Du lieu mau: 5 loai x 30', '2025-12-25 20:22:36', '2025-12-25 20:22:36'),
	(110, 'MV000110', 'Thuoc loai 4 - so 20', 'vien', '20mg', 'Vien nang', 6500.00, 4, 'Du lieu mau: 5 loai x 30', '2025-12-25 20:22:36', '2025-12-25 20:22:36'),
	(111, 'MV000111', 'Thuoc loai 4 - so 21', 'vien', '20mg', 'Vien nang', 6550.00, 4, 'Du lieu mau: 5 loai x 30', '2025-12-25 20:22:36', '2025-12-25 20:22:36'),
	(112, 'MV000112', 'Thuoc loai 4 - so 22', 'vien', '20mg', 'Vien nang', 6600.00, 4, 'Du lieu mau: 5 loai x 30', '2025-12-25 20:22:36', '2025-12-25 20:22:36'),
	(113, 'MV000113', 'Thuoc loai 4 - so 23', 'vien', '20mg', 'Vien nang', 6650.00, 4, 'Du lieu mau: 5 loai x 30', '2025-12-25 20:22:36', '2025-12-25 20:22:36'),
	(114, 'MV000114', 'Thuoc loai 4 - so 24', 'vien', '20mg', 'Vien nang', 6700.00, 4, 'Du lieu mau: 5 loai x 30', '2025-12-25 20:22:36', '2025-12-25 20:22:36'),
	(115, 'MV000115', 'Thuoc loai 4 - so 25', 'vien', '20mg', 'Vien nang', 6750.00, 4, 'Du lieu mau: 5 loai x 30', '2025-12-25 20:22:36', '2025-12-25 20:22:36'),
	(116, 'MV000116', 'Thuoc loai 4 - so 26', 'vien', '20mg', 'Vien nang', 6800.00, 4, 'Du lieu mau: 5 loai x 30', '2025-12-25 20:22:36', '2025-12-25 20:22:36'),
	(117, 'MV000117', 'Thuoc loai 4 - so 27', 'vien', '20mg', 'Vien nang', 6850.00, 4, 'Du lieu mau: 5 loai x 30', '2025-12-25 20:22:36', '2025-12-25 20:22:36'),
	(118, 'MV000118', 'Thuoc loai 4 - so 28', 'vien', '20mg', 'Vien nang', 6900.00, 4, 'Du lieu mau: 5 loai x 30', '2025-12-25 20:22:36', '2025-12-25 20:22:36'),
	(119, 'MV000119', 'Thuoc loai 4 - so 29', 'vien', '20mg', 'Vien nang', 6950.00, 4, 'Du lieu mau: 5 loai x 30', '2025-12-25 20:22:36', '2025-12-25 20:22:36'),
	(120, 'MV000120', 'Thuoc loai 4 - so 30', 'vien', '20mg', 'Vien nang', 7000.00, 4, 'Du lieu mau: 5 loai x 30', '2025-12-25 20:22:36', '2025-12-25 20:22:36'),
	(121, 'MV000121', 'Thuoc loai 5 - so 1', 'vien', '10mg', 'Vien nen', 7050.00, 5, 'Du lieu mau: 5 loai x 30', '2025-12-25 20:22:36', '2025-12-25 20:22:36'),
	(122, 'MV000122', 'Thuoc loai 5 - so 2', 'vien', '10mg', 'Vien nen', 7100.00, 5, 'Du lieu mau: 5 loai x 30', '2025-12-25 20:22:36', '2025-12-25 20:22:36'),
	(123, 'MV000123', 'Thuoc loai 5 - so 3', 'vien', '10mg', 'Vien nen', 7150.00, 5, 'Du lieu mau: 5 loai x 30', '2025-12-25 20:22:36', '2025-12-25 20:22:36'),
	(124, 'MV000124', 'Thuoc loai 5 - so 4', 'vien', '10mg', 'Vien nen', 7200.00, 5, 'Du lieu mau: 5 loai x 30', '2025-12-25 20:22:36', '2025-12-25 20:22:36'),
	(125, 'MV000125', 'Thuoc loai 5 - so 5', 'vien', '10mg', 'Vien nen', 7250.00, 5, 'Du lieu mau: 5 loai x 30', '2025-12-25 20:22:36', '2025-12-25 20:22:36'),
	(126, 'MV000126', 'Thuoc loai 5 - so 6', 'vien', '10mg', 'Vien nen', 7300.00, 5, 'Du lieu mau: 5 loai x 30', '2025-12-25 20:22:36', '2025-12-25 20:22:36'),
	(127, 'MV000127', 'Thuoc loai 5 - so 7', 'vien', '10mg', 'Vien nen', 7350.00, 5, 'Du lieu mau: 5 loai x 30', '2025-12-25 20:22:36', '2025-12-25 20:22:36'),
	(128, 'MV000128', 'Thuoc loai 5 - so 8', 'vien', '10mg', 'Vien nen', 7400.00, 5, 'Du lieu mau: 5 loai x 30', '2025-12-25 20:22:36', '2025-12-25 20:22:36'),
	(129, 'MV000129', 'Thuoc loai 5 - so 9', 'vien', '10mg', 'Vien nen', 7450.00, 5, 'Du lieu mau: 5 loai x 30', '2025-12-25 20:22:36', '2025-12-25 20:22:36'),
	(130, 'MV000130', 'Thuoc loai 5 - so 10', 'vien', '10mg', 'Vien nen', 7500.00, 5, 'Du lieu mau: 5 loai x 30', '2025-12-25 20:22:36', '2025-12-25 20:22:36'),
	(131, 'MV000131', 'Thuoc loai 5 - so 11', 'vien', '10mg', 'Vien nen', 7550.00, 5, 'Du lieu mau: 5 loai x 30', '2025-12-25 20:22:36', '2025-12-25 20:22:36'),
	(132, 'MV000132', 'Thuoc loai 5 - so 12', 'vien', '10mg', 'Vien nen', 7600.00, 5, 'Du lieu mau: 5 loai x 30', '2025-12-25 20:22:36', '2025-12-25 20:22:36'),
	(133, 'MV000133', 'Thuoc loai 5 - so 13', 'vien', '10mg', 'Vien nen', 7650.00, 5, 'Du lieu mau: 5 loai x 30', '2025-12-25 20:22:36', '2025-12-25 20:22:36'),
	(134, 'MV000134', 'Thuoc loai 5 - so 14', 'vien', '10mg', 'Vien nen', 7700.00, 5, 'Du lieu mau: 5 loai x 30', '2025-12-25 20:22:36', '2025-12-25 20:22:36'),
	(135, 'MV000135', 'Thuoc loai 5 - so 15', 'vien', '10mg', 'Vien nen', 7750.00, 5, 'Du lieu mau: 5 loai x 30', '2025-12-25 20:22:36', '2025-12-25 20:22:36'),
	(136, 'MV000136', 'Thuoc loai 5 - so 16', 'vien', '10mg', 'Vien nen', 7800.00, 5, 'Du lieu mau: 5 loai x 30', '2025-12-25 20:22:36', '2025-12-25 20:22:36'),
	(137, 'MV000137', 'Thuoc loai 5 - so 17', 'vien', '10mg', 'Vien nen', 7850.00, 5, 'Du lieu mau: 5 loai x 30', '2025-12-25 20:22:36', '2025-12-25 20:22:36'),
	(138, 'MV000138', 'Thuoc loai 5 - so 18', 'vien', '10mg', 'Vien nen', 7900.00, 5, 'Du lieu mau: 5 loai x 30', '2025-12-25 20:22:36', '2025-12-25 20:22:36'),
	(139, 'MV000139', 'Thuoc loai 5 - so 19', 'vien', '10mg', 'Vien nen', 7950.00, 5, 'Du lieu mau: 5 loai x 30', '2025-12-25 20:22:36', '2025-12-25 20:22:36'),
	(140, 'MV000140', 'Thuoc loai 5 - so 20', 'vien', '10mg', 'Vien nen', 8000.00, 5, 'Du lieu mau: 5 loai x 30', '2025-12-25 20:22:36', '2025-12-25 20:22:36'),
	(141, 'MV000141', 'Thuoc loai 5 - so 21', 'vien', '10mg', 'Vien nen', 8050.00, 5, 'Du lieu mau: 5 loai x 30', '2025-12-25 20:22:36', '2025-12-25 20:22:36'),
	(142, 'MV000142', 'Thuoc loai 5 - so 22', 'vien', '10mg', 'Vien nen', 8100.00, 5, 'Du lieu mau: 5 loai x 30', '2025-12-25 20:22:36', '2025-12-25 20:22:36'),
	(143, 'MV000143', 'Thuoc loai 5 - so 23', 'vien', '10mg', 'Vien nen', 8150.00, 5, 'Du lieu mau: 5 loai x 30', '2025-12-25 20:22:36', '2025-12-25 20:22:36'),
	(144, 'MV000144', 'Thuoc loai 5 - so 24', 'vien', '10mg', 'Vien nen', 8200.00, 5, 'Du lieu mau: 5 loai x 30', '2025-12-25 20:22:36', '2025-12-25 20:22:36'),
	(145, 'MV000145', 'Thuoc loai 5 - so 25', 'vien', '10mg', 'Vien nen', 8250.00, 5, 'Du lieu mau: 5 loai x 30', '2025-12-25 20:22:36', '2025-12-25 20:22:36'),
	(146, 'MV000146', 'Thuoc loai 5 - so 26', 'vien', '10mg', 'Vien nen', 8300.00, 5, 'Du lieu mau: 5 loai x 30', '2025-12-25 20:22:36', '2025-12-25 20:22:36'),
	(147, 'MV000147', 'Thuoc loai 5 - so 27', 'vien', '10mg', 'Vien nen', 8350.00, 5, 'Du lieu mau: 5 loai x 30', '2025-12-25 20:22:36', '2025-12-25 20:22:36'),
	(148, 'MV000148', 'Thuoc loai 5 - so 28', 'vien', '10mg', 'Vien nen', 8400.00, 5, 'Du lieu mau: 5 loai x 30', '2025-12-25 20:22:36', '2025-12-25 20:22:36'),
	(149, 'MV000149', 'Thuoc loai 5 - so 29', 'vien', '10mg', 'Vien nen', 8450.00, 5, 'Du lieu mau: 5 loai x 30', '2025-12-25 20:22:36', '2025-12-25 20:22:36'),
	(150, 'MV000150', 'Thuoc loai 5 - so 30', 'vien', '10mg', 'Vien nen', 8500.00, 5, 'Du lieu mau: 5 loai x 30', '2025-12-25 20:22:36', '2025-12-25 20:22:36');

-- Dumping structure for table quan_ly_nha_thuoc.tin_nhan
CREATE TABLE IF NOT EXISTS `tin_nhan` (
  `id_tin_nhan` bigint(20) unsigned NOT NULL AUTO_INCREMENT,
  `id_nguoi_gui` bigint(20) unsigned NOT NULL,
  `id_nguoi_nhan` bigint(20) unsigned NOT NULL,
  `noi_dung` text NOT NULL,
  `thoi_gian_gui` datetime NOT NULL DEFAULT current_timestamp(),
  `trang_thai` enum('DA_GUI','DA_DOC') NOT NULL DEFAULT 'DA_GUI',
  `tao_luc` datetime NOT NULL DEFAULT current_timestamp(),
  PRIMARY KEY (`id_tin_nhan`),
  KEY `idx_tn_gui` (`id_nguoi_gui`),
  KEY `idx_tn_nhan` (`id_nguoi_nhan`),
  CONSTRAINT `fk_tn_gui` FOREIGN KEY (`id_nguoi_gui`) REFERENCES `nguoi_dung` (`id_nguoi_dung`) ON DELETE CASCADE ON UPDATE CASCADE,
  CONSTRAINT `fk_tn_nhan` FOREIGN KEY (`id_nguoi_nhan`) REFERENCES `nguoi_dung` (`id_nguoi_dung`) ON DELETE CASCADE ON UPDATE CASCADE
) ENGINE=InnoDB AUTO_INCREMENT=121 DEFAULT CHARSET=utf8mb4 COLLATE=utf8mb4_unicode_ci COMMENT='Tin nhắn nội bộ';

-- Dumping data for table quan_ly_nha_thuoc.tin_nhan: ~0 rows (approximately)
REPLACE INTO `tin_nhan` (`id_tin_nhan`, `id_nguoi_gui`, `id_nguoi_nhan`, `noi_dung`, `thoi_gian_gui`, `trang_thai`, `tao_luc`) VALUES
	(1, 1, 5, 'Tin nhan seed #1 - hello', '2025-12-25 20:38:41', 'DA_GUI', '2025-12-25 20:45:41'),
	(2, 2, 6, 'Tin nhan seed #2 - hello', '2025-12-25 20:31:41', 'DA_GUI', '2025-12-25 20:45:41'),
	(3, 3, 7, 'Tin nhan seed #3 - hello', '2025-12-25 20:24:41', 'DA_GUI', '2025-12-25 20:45:41'),
	(4, 4, 8, 'Tin nhan seed #4 - hello', '2025-12-25 20:17:41', 'DA_DOC', '2025-12-25 20:45:41'),
	(5, 5, 9, 'Tin nhan seed #5 - hello', '2025-12-25 20:10:41', 'DA_GUI', '2025-12-25 20:45:41'),
	(6, 6, 10, 'Tin nhan seed #6 - hello', '2025-12-25 20:03:41', 'DA_GUI', '2025-12-25 20:45:41'),
	(7, 7, 11, 'Tin nhan seed #7 - hello', '2025-12-25 19:56:41', 'DA_GUI', '2025-12-25 20:45:41'),
	(8, 8, 12, 'Tin nhan seed #8 - hello', '2025-12-25 19:49:41', 'DA_DOC', '2025-12-25 20:45:41'),
	(9, 9, 13, 'Tin nhan seed #9 - hello', '2025-12-25 19:42:41', 'DA_GUI', '2025-12-25 20:45:41'),
	(10, 10, 14, 'Tin nhan seed #10 - hello', '2025-12-25 19:35:41', 'DA_GUI', '2025-12-25 20:45:41'),
	(11, 11, 15, 'Tin nhan seed #11 - hello', '2025-12-25 19:28:41', 'DA_GUI', '2025-12-25 20:45:41'),
	(12, 12, 16, 'Tin nhan seed #12 - hello', '2025-12-25 19:21:41', 'DA_DOC', '2025-12-25 20:45:41'),
	(13, 13, 17, 'Tin nhan seed #13 - hello', '2025-12-25 19:14:41', 'DA_GUI', '2025-12-25 20:45:41'),
	(14, 14, 18, 'Tin nhan seed #14 - hello', '2025-12-25 19:07:41', 'DA_GUI', '2025-12-25 20:45:41'),
	(15, 15, 19, 'Tin nhan seed #15 - hello', '2025-12-25 19:00:41', 'DA_GUI', '2025-12-25 20:45:41'),
	(16, 16, 20, 'Tin nhan seed #16 - hello', '2025-12-25 18:53:41', 'DA_DOC', '2025-12-25 20:45:41'),
	(17, 17, 1, 'Tin nhan seed #17 - hello', '2025-12-25 18:46:41', 'DA_GUI', '2025-12-25 20:45:41'),
	(18, 18, 2, 'Tin nhan seed #18 - hello', '2025-12-25 18:39:41', 'DA_GUI', '2025-12-25 20:45:41'),
	(19, 19, 3, 'Tin nhan seed #19 - hello', '2025-12-25 18:32:41', 'DA_GUI', '2025-12-25 20:45:41'),
	(20, 20, 4, 'Tin nhan seed #20 - hello', '2025-12-25 18:25:41', 'DA_DOC', '2025-12-25 20:45:41'),
	(21, 1, 5, 'Tin nhan seed #21 - hello', '2025-12-25 18:18:41', 'DA_GUI', '2025-12-25 20:45:41'),
	(22, 2, 6, 'Tin nhan seed #22 - hello', '2025-12-25 18:11:41', 'DA_GUI', '2025-12-25 20:45:41'),
	(23, 3, 7, 'Tin nhan seed #23 - hello', '2025-12-25 18:04:41', 'DA_GUI', '2025-12-25 20:45:41'),
	(24, 4, 8, 'Tin nhan seed #24 - hello', '2025-12-25 17:57:41', 'DA_DOC', '2025-12-25 20:45:41'),
	(25, 5, 9, 'Tin nhan seed #25 - hello', '2025-12-25 17:50:41', 'DA_GUI', '2025-12-25 20:45:41'),
	(26, 6, 10, 'Tin nhan seed #26 - hello', '2025-12-25 17:43:41', 'DA_GUI', '2025-12-25 20:45:41'),
	(27, 7, 11, 'Tin nhan seed #27 - hello', '2025-12-25 17:36:41', 'DA_GUI', '2025-12-25 20:45:41'),
	(28, 8, 12, 'Tin nhan seed #28 - hello', '2025-12-25 17:29:41', 'DA_DOC', '2025-12-25 20:45:41'),
	(29, 9, 13, 'Tin nhan seed #29 - hello', '2025-12-25 17:22:41', 'DA_GUI', '2025-12-25 20:45:41'),
	(30, 10, 14, 'Tin nhan seed #30 - hello', '2025-12-25 17:15:41', 'DA_GUI', '2025-12-25 20:45:41'),
	(31, 11, 15, 'Tin nhan seed #31 - hello', '2025-12-25 17:08:41', 'DA_GUI', '2025-12-25 20:45:41'),
	(32, 12, 16, 'Tin nhan seed #32 - hello', '2025-12-25 17:01:41', 'DA_DOC', '2025-12-25 20:45:41'),
	(33, 13, 17, 'Tin nhan seed #33 - hello', '2025-12-25 16:54:41', 'DA_GUI', '2025-12-25 20:45:41'),
	(34, 14, 18, 'Tin nhan seed #34 - hello', '2025-12-25 16:47:41', 'DA_GUI', '2025-12-25 20:45:41'),
	(35, 15, 19, 'Tin nhan seed #35 - hello', '2025-12-25 16:40:41', 'DA_GUI', '2025-12-25 20:45:41'),
	(36, 16, 20, 'Tin nhan seed #36 - hello', '2025-12-25 16:33:41', 'DA_DOC', '2025-12-25 20:45:41'),
	(37, 17, 1, 'Tin nhan seed #37 - hello', '2025-12-25 16:26:41', 'DA_GUI', '2025-12-25 20:45:41'),
	(38, 18, 2, 'Tin nhan seed #38 - hello', '2025-12-25 16:19:41', 'DA_GUI', '2025-12-25 20:45:41'),
	(39, 19, 3, 'Tin nhan seed #39 - hello', '2025-12-25 16:12:41', 'DA_GUI', '2025-12-25 20:45:41'),
	(40, 20, 4, 'Tin nhan seed #40 - hello', '2025-12-25 16:05:41', 'DA_DOC', '2025-12-25 20:45:41'),
	(41, 1, 5, 'Tin nhan seed #41 - hello', '2025-12-25 15:58:41', 'DA_GUI', '2025-12-25 20:45:41'),
	(42, 2, 6, 'Tin nhan seed #42 - hello', '2025-12-25 15:51:41', 'DA_GUI', '2025-12-25 20:45:41'),
	(43, 3, 7, 'Tin nhan seed #43 - hello', '2025-12-25 15:44:41', 'DA_GUI', '2025-12-25 20:45:41'),
	(44, 4, 8, 'Tin nhan seed #44 - hello', '2025-12-25 15:37:41', 'DA_DOC', '2025-12-25 20:45:41'),
	(45, 5, 9, 'Tin nhan seed #45 - hello', '2025-12-25 15:30:41', 'DA_GUI', '2025-12-25 20:45:41'),
	(46, 6, 10, 'Tin nhan seed #46 - hello', '2025-12-25 15:23:41', 'DA_GUI', '2025-12-25 20:45:41'),
	(47, 7, 11, 'Tin nhan seed #47 - hello', '2025-12-25 15:16:41', 'DA_GUI', '2025-12-25 20:45:41'),
	(48, 8, 12, 'Tin nhan seed #48 - hello', '2025-12-25 15:09:41', 'DA_DOC', '2025-12-25 20:45:41'),
	(49, 9, 13, 'Tin nhan seed #49 - hello', '2025-12-25 15:02:41', 'DA_GUI', '2025-12-25 20:45:41'),
	(50, 10, 14, 'Tin nhan seed #50 - hello', '2025-12-25 14:55:41', 'DA_GUI', '2025-12-25 20:45:41'),
	(51, 11, 15, 'Tin nhan seed #51 - hello', '2025-12-25 14:48:41', 'DA_GUI', '2025-12-25 20:45:41'),
	(52, 12, 16, 'Tin nhan seed #52 - hello', '2025-12-25 14:41:41', 'DA_DOC', '2025-12-25 20:45:41'),
	(53, 13, 17, 'Tin nhan seed #53 - hello', '2025-12-25 14:34:41', 'DA_GUI', '2025-12-25 20:45:41'),
	(54, 14, 18, 'Tin nhan seed #54 - hello', '2025-12-25 14:27:41', 'DA_GUI', '2025-12-25 20:45:41'),
	(55, 15, 19, 'Tin nhan seed #55 - hello', '2025-12-25 14:20:41', 'DA_GUI', '2025-12-25 20:45:41'),
	(56, 16, 20, 'Tin nhan seed #56 - hello', '2025-12-25 14:13:41', 'DA_DOC', '2025-12-25 20:45:41'),
	(57, 17, 1, 'Tin nhan seed #57 - hello', '2025-12-25 14:06:41', 'DA_GUI', '2025-12-25 20:45:41'),
	(58, 18, 2, 'Tin nhan seed #58 - hello', '2025-12-25 13:59:41', 'DA_GUI', '2025-12-25 20:45:41'),
	(59, 19, 3, 'Tin nhan seed #59 - hello', '2025-12-25 13:52:41', 'DA_GUI', '2025-12-25 20:45:41'),
	(60, 20, 4, 'Tin nhan seed #60 - hello', '2025-12-25 13:45:41', 'DA_DOC', '2025-12-25 20:45:41'),
	(61, 1, 5, 'Tin nhan seed #61 - hello', '2025-12-25 13:38:41', 'DA_GUI', '2025-12-25 20:45:41'),
	(62, 2, 6, 'Tin nhan seed #62 - hello', '2025-12-25 13:31:41', 'DA_GUI', '2025-12-25 20:45:41'),
	(63, 3, 7, 'Tin nhan seed #63 - hello', '2025-12-25 13:24:41', 'DA_GUI', '2025-12-25 20:45:41'),
	(64, 4, 8, 'Tin nhan seed #64 - hello', '2025-12-25 13:17:41', 'DA_DOC', '2025-12-25 20:45:41'),
	(65, 5, 9, 'Tin nhan seed #65 - hello', '2025-12-25 13:10:41', 'DA_GUI', '2025-12-25 20:45:41'),
	(66, 6, 10, 'Tin nhan seed #66 - hello', '2025-12-25 13:03:41', 'DA_GUI', '2025-12-25 20:45:41'),
	(67, 7, 11, 'Tin nhan seed #67 - hello', '2025-12-25 12:56:41', 'DA_GUI', '2025-12-25 20:45:41'),
	(68, 8, 12, 'Tin nhan seed #68 - hello', '2025-12-25 12:49:41', 'DA_DOC', '2025-12-25 20:45:41'),
	(69, 9, 13, 'Tin nhan seed #69 - hello', '2025-12-25 12:42:41', 'DA_GUI', '2025-12-25 20:45:41'),
	(70, 10, 14, 'Tin nhan seed #70 - hello', '2025-12-25 12:35:41', 'DA_GUI', '2025-12-25 20:45:41'),
	(71, 11, 15, 'Tin nhan seed #71 - hello', '2025-12-25 12:28:41', 'DA_GUI', '2025-12-25 20:45:41'),
	(72, 12, 16, 'Tin nhan seed #72 - hello', '2025-12-25 12:21:41', 'DA_DOC', '2025-12-25 20:45:41'),
	(73, 13, 17, 'Tin nhan seed #73 - hello', '2025-12-25 12:14:41', 'DA_GUI', '2025-12-25 20:45:41'),
	(74, 14, 18, 'Tin nhan seed #74 - hello', '2025-12-25 12:07:41', 'DA_GUI', '2025-12-25 20:45:41'),
	(75, 15, 19, 'Tin nhan seed #75 - hello', '2025-12-25 12:00:41', 'DA_GUI', '2025-12-25 20:45:41'),
	(76, 16, 20, 'Tin nhan seed #76 - hello', '2025-12-25 11:53:41', 'DA_DOC', '2025-12-25 20:45:41'),
	(77, 17, 1, 'Tin nhan seed #77 - hello', '2025-12-25 11:46:41', 'DA_GUI', '2025-12-25 20:45:41'),
	(78, 18, 2, 'Tin nhan seed #78 - hello', '2025-12-25 11:39:41', 'DA_GUI', '2025-12-25 20:45:41'),
	(79, 19, 3, 'Tin nhan seed #79 - hello', '2025-12-25 11:32:41', 'DA_GUI', '2025-12-25 20:45:41'),
	(80, 20, 4, 'Tin nhan seed #80 - hello', '2025-12-25 11:25:41', 'DA_DOC', '2025-12-25 20:45:41'),
	(81, 1, 5, 'Tin nhan seed #81 - hello', '2025-12-25 11:18:41', 'DA_GUI', '2025-12-25 20:45:41'),
	(82, 2, 6, 'Tin nhan seed #82 - hello', '2025-12-25 11:11:41', 'DA_GUI', '2025-12-25 20:45:41'),
	(83, 3, 7, 'Tin nhan seed #83 - hello', '2025-12-25 11:04:41', 'DA_GUI', '2025-12-25 20:45:41'),
	(84, 4, 8, 'Tin nhan seed #84 - hello', '2025-12-25 10:57:41', 'DA_DOC', '2025-12-25 20:45:41'),
	(85, 5, 9, 'Tin nhan seed #85 - hello', '2025-12-25 10:50:41', 'DA_GUI', '2025-12-25 20:45:41'),
	(86, 6, 10, 'Tin nhan seed #86 - hello', '2025-12-25 10:43:41', 'DA_GUI', '2025-12-25 20:45:41'),
	(87, 7, 11, 'Tin nhan seed #87 - hello', '2025-12-25 10:36:41', 'DA_GUI', '2025-12-25 20:45:41'),
	(88, 8, 12, 'Tin nhan seed #88 - hello', '2025-12-25 10:29:41', 'DA_DOC', '2025-12-25 20:45:41'),
	(89, 9, 13, 'Tin nhan seed #89 - hello', '2025-12-25 10:22:41', 'DA_GUI', '2025-12-25 20:45:41'),
	(90, 10, 14, 'Tin nhan seed #90 - hello', '2025-12-25 10:15:41', 'DA_GUI', '2025-12-25 20:45:41'),
	(91, 11, 15, 'Tin nhan seed #91 - hello', '2025-12-25 10:08:41', 'DA_GUI', '2025-12-25 20:45:41'),
	(92, 12, 16, 'Tin nhan seed #92 - hello', '2025-12-25 10:01:41', 'DA_DOC', '2025-12-25 20:45:41'),
	(93, 13, 17, 'Tin nhan seed #93 - hello', '2025-12-25 09:54:41', 'DA_GUI', '2025-12-25 20:45:41'),
	(94, 14, 18, 'Tin nhan seed #94 - hello', '2025-12-25 09:47:41', 'DA_GUI', '2025-12-25 20:45:41'),
	(95, 15, 19, 'Tin nhan seed #95 - hello', '2025-12-25 09:40:41', 'DA_GUI', '2025-12-25 20:45:41'),
	(96, 16, 20, 'Tin nhan seed #96 - hello', '2025-12-25 09:33:41', 'DA_DOC', '2025-12-25 20:45:41'),
	(97, 17, 1, 'Tin nhan seed #97 - hello', '2025-12-25 09:26:41', 'DA_GUI', '2025-12-25 20:45:41'),
	(98, 18, 2, 'Tin nhan seed #98 - hello', '2025-12-25 09:19:41', 'DA_GUI', '2025-12-25 20:45:41'),
	(99, 19, 3, 'Tin nhan seed #99 - hello', '2025-12-25 09:12:41', 'DA_GUI', '2025-12-25 20:45:41'),
	(100, 20, 4, 'Tin nhan seed #100 - hello', '2025-12-25 09:05:41', 'DA_DOC', '2025-12-25 20:45:41'),
	(101, 1, 5, 'Tin nhan seed #101 - hello', '2025-12-25 08:58:41', 'DA_GUI', '2025-12-25 20:45:41'),
	(102, 2, 6, 'Tin nhan seed #102 - hello', '2025-12-25 08:51:41', 'DA_GUI', '2025-12-25 20:45:41'),
	(103, 3, 7, 'Tin nhan seed #103 - hello', '2025-12-25 08:44:41', 'DA_GUI', '2025-12-25 20:45:41'),
	(104, 4, 8, 'Tin nhan seed #104 - hello', '2025-12-25 08:37:41', 'DA_DOC', '2025-12-25 20:45:41'),
	(105, 5, 9, 'Tin nhan seed #105 - hello', '2025-12-25 08:30:41', 'DA_GUI', '2025-12-25 20:45:41'),
	(106, 6, 10, 'Tin nhan seed #106 - hello', '2025-12-25 08:23:41', 'DA_GUI', '2025-12-25 20:45:41'),
	(107, 7, 11, 'Tin nhan seed #107 - hello', '2025-12-25 08:16:41', 'DA_GUI', '2025-12-25 20:45:41'),
	(108, 8, 12, 'Tin nhan seed #108 - hello', '2025-12-25 08:09:41', 'DA_DOC', '2025-12-25 20:45:41'),
	(109, 9, 13, 'Tin nhan seed #109 - hello', '2025-12-25 08:02:41', 'DA_GUI', '2025-12-25 20:45:41'),
	(110, 10, 14, 'Tin nhan seed #110 - hello', '2025-12-25 07:55:41', 'DA_GUI', '2025-12-25 20:45:41'),
	(111, 11, 15, 'Tin nhan seed #111 - hello', '2025-12-25 07:48:41', 'DA_GUI', '2025-12-25 20:45:41'),
	(112, 12, 16, 'Tin nhan seed #112 - hello', '2025-12-25 07:41:41', 'DA_DOC', '2025-12-25 20:45:41'),
	(113, 13, 17, 'Tin nhan seed #113 - hello', '2025-12-25 07:34:41', 'DA_GUI', '2025-12-25 20:45:41'),
	(114, 14, 18, 'Tin nhan seed #114 - hello', '2025-12-25 07:27:41', 'DA_GUI', '2025-12-25 20:45:41'),
	(115, 15, 19, 'Tin nhan seed #115 - hello', '2025-12-25 07:20:41', 'DA_GUI', '2025-12-25 20:45:41'),
	(116, 16, 20, 'Tin nhan seed #116 - hello', '2025-12-25 07:13:41', 'DA_DOC', '2025-12-25 20:45:41'),
	(117, 17, 1, 'Tin nhan seed #117 - hello', '2025-12-25 07:06:41', 'DA_GUI', '2025-12-25 20:45:41'),
	(118, 18, 2, 'Tin nhan seed #118 - hello', '2025-12-25 06:59:41', 'DA_GUI', '2025-12-25 20:45:41'),
	(119, 19, 3, 'Tin nhan seed #119 - hello', '2025-12-25 06:52:41', 'DA_GUI', '2025-12-25 20:45:41'),
	(120, 20, 4, 'Tin nhan seed #120 - hello', '2025-12-25 06:45:41', 'DA_DOC', '2025-12-25 20:45:41');

-- Dumping structure for table quan_ly_nha_thuoc.vai_tro
CREATE TABLE IF NOT EXISTS `vai_tro` (
  `id_vai_tro` bigint(20) unsigned NOT NULL AUTO_INCREMENT COMMENT 'Khoá chính',
  `ten_vai_tro` varchar(50) NOT NULL COMMENT 'VD: QUAN_TRI, NHAN_VIEN',
  `mo_ta` varchar(255) DEFAULT NULL COMMENT 'Mô tả vai trò',
  PRIMARY KEY (`id_vai_tro`),
  UNIQUE KEY `uq_vai_tro_ten` (`ten_vai_tro`)
) ENGINE=InnoDB AUTO_INCREMENT=21 DEFAULT CHARSET=utf8mb4 COLLATE=utf8mb4_unicode_ci COMMENT='Danh mục vai trò người dùng';

-- Dumping data for table quan_ly_nha_thuoc.vai_tro: ~0 rows (approximately)
REPLACE INTO `vai_tro` (`id_vai_tro`, `ten_vai_tro`, `mo_ta`) VALUES
	(1, 'QUAN_TRI', 'Quản trị hệ thống'),
	(2, 'QUAN_LY', 'Quản lý nhà thuốc'),
	(3, 'NHAN_VIEN', 'Nhân viên bán hàng'),
	(4, 'DUOC_SI', 'Dược sĩ tư vấn'),
	(5, 'KE_TOAN', 'Kế toán');

-- Dumping structure for view quan_ly_nha_thuoc.vw_doanh_thu_theo_ngay
-- Creating temporary table to overcome VIEW dependency errors
CREATE TABLE `vw_doanh_thu_theo_ngay` (
	`ngay` DATE NULL,
	`so_hoa_don` BIGINT(21) NOT NULL,
	`doanh_thu` DECIMAL(40,2) NULL
);

-- Dumping structure for view quan_ly_nha_thuoc.vw_hoa_don_chi_tiet
-- Creating temporary table to overcome VIEW dependency errors
CREATE TABLE `vw_hoa_don_chi_tiet` (
	`ma_hoa_don` VARCHAR(1) NOT NULL COLLATE 'utf8mb4_unicode_ci',
	`thoi_gian` DATETIME NOT NULL,
	`nhan_vien` VARCHAR(1) NOT NULL COMMENT 'Họ và tên' COLLATE 'utf8mb4_unicode_ci',
	`ten_thuoc` VARCHAR(1) NOT NULL COLLATE 'utf8mb4_unicode_ci',
	`so_lo` VARCHAR(1) NOT NULL COLLATE 'utf8mb4_unicode_ci',
	`han_su_dung` DATE NOT NULL,
	`so_luong_ban` INT(11) NOT NULL COMMENT '>0',
	`don_gia_ban` DECIMAL(18,2) NOT NULL COMMENT '>=0',
	`giam_gia_phan_tram` DECIMAL(5,2) NOT NULL COMMENT '0..100',
	`thanh_tien` DECIMAL(18,2) NOT NULL
);

-- Dumping structure for view quan_ly_nha_thuoc.vw_ton_kho_theo_thuoc
-- Creating temporary table to overcome VIEW dependency errors
CREATE TABLE `vw_ton_kho_theo_thuoc` (
	`id_thuoc` BIGINT(20) UNSIGNED NOT NULL,
	`ma_vach` VARCHAR(1) NOT NULL COMMENT 'Mã vạch (duy nhất)' COLLATE 'utf8mb4_unicode_ci',
	`ten_thuoc` VARCHAR(1) NOT NULL COLLATE 'utf8mb4_unicode_ci',
	`don_vi_tinh` VARCHAR(1) NOT NULL COLLATE 'utf8mb4_unicode_ci',
	`tong_ton_kho` DECIMAL(32,0) NULL
);

-- Dumping structure for trigger quan_ly_nha_thuoc.tg_ct_hoa_don_ai
SET @OLDTMP_SQL_MODE=@@SQL_MODE, SQL_MODE='';
DELIMITER //
CREATE TRIGGER `tg_ct_hoa_don_ai`
AFTER INSERT ON `ct_hoa_don`
FOR EACH ROW
BEGIN
  UPDATE `lo_thuoc`
  SET `so_luong_ton` = `so_luong_ton` - NEW.so_luong_ban
  WHERE `id_lo_thuoc` = NEW.id_lo_thuoc;

  UPDATE `hoa_don`
  SET `tong_tien` = `tong_tien` + NEW.thanh_tien
  WHERE `id_hoa_don` = NEW.id_hoa_don;
END//
DELIMITER ;
SET SQL_MODE=@OLDTMP_SQL_MODE;

-- Dumping structure for trigger quan_ly_nha_thuoc.tg_ct_hoa_don_bi
SET @OLDTMP_SQL_MODE=@@SQL_MODE, SQL_MODE='';
DELIMITER //
CREATE TRIGGER `tg_ct_hoa_don_bi`
BEFORE INSERT ON `ct_hoa_don`
FOR EACH ROW
BEGIN
  DECLARE v_ton INT;
  DECLARE v_hsd DATE;

  IF NEW.so_luong_ban <= 0 THEN
    SIGNAL SQLSTATE '45000' SET MESSAGE_TEXT = 'Số lượng bán phải > 0.';
  END IF;
  IF NEW.don_gia_ban < 0 THEN
    SIGNAL SQLSTATE '45000' SET MESSAGE_TEXT = 'Đơn giá bán phải >= 0.';
  END IF;
  IF NEW.giam_gia_phan_tram < 0 OR NEW.giam_gia_phan_tram > 100 THEN
    SIGNAL SQLSTATE '45000' SET MESSAGE_TEXT = 'Giảm giá phải 0..100.';
  END IF;

  SELECT `so_luong_ton`, `han_su_dung`
    INTO v_ton, v_hsd
  FROM `lo_thuoc`
  WHERE `id_lo_thuoc` = NEW.id_lo_thuoc;

  IF v_hsd < CURRENT_DATE() THEN
    SIGNAL SQLSTATE '45000' SET MESSAGE_TEXT = 'Không được bán lô đã hết hạn.';
  END IF;
  IF v_ton < NEW.so_luong_ban THEN
    SIGNAL SQLSTATE '45000' SET MESSAGE_TEXT = 'Tồn kho không đủ để bán.';
  END IF;

  SET NEW.thanh_tien =
    (NEW.so_luong_ban * NEW.don_gia_ban) * (1 - (NEW.giam_gia_phan_tram/100));
END//
DELIMITER ;
SET SQL_MODE=@OLDTMP_SQL_MODE;

-- Dumping structure for trigger quan_ly_nha_thuoc.tg_ct_phieu_nhap_ai
SET @OLDTMP_SQL_MODE=@@SQL_MODE, SQL_MODE='';
DELIMITER //
CREATE TRIGGER `tg_ct_phieu_nhap_ai`
AFTER INSERT ON `ct_phieu_nhap`
FOR EACH ROW
BEGIN
  UPDATE `lo_thuoc`
  SET `so_luong_ton` = `so_luong_ton` + NEW.so_luong_nhap
  WHERE `id_lo_thuoc` = NEW.id_lo_thuoc;

  UPDATE `phieu_nhap`
  SET `tong_tien` = `tong_tien` + NEW.thanh_tien
  WHERE `id_phieu_nhap` = NEW.id_phieu_nhap;
END//
DELIMITER ;
SET SQL_MODE=@OLDTMP_SQL_MODE;

-- Dumping structure for trigger quan_ly_nha_thuoc.tg_ct_phieu_nhap_bi
SET @OLDTMP_SQL_MODE=@@SQL_MODE, SQL_MODE='';
DELIMITER //
CREATE TRIGGER `tg_ct_phieu_nhap_bi`
BEFORE INSERT ON `ct_phieu_nhap`
FOR EACH ROW
BEGIN
  IF NEW.so_luong_nhap <= 0 THEN
    SIGNAL SQLSTATE '45000' SET MESSAGE_TEXT = 'Số lượng nhập phải > 0.';
  END IF;
  IF NEW.don_gia_nhap < 0 THEN
    SIGNAL SQLSTATE '45000' SET MESSAGE_TEXT = 'Đơn giá nhập phải >= 0.';
  END IF;
  SET NEW.thanh_tien = NEW.so_luong_nhap * NEW.don_gia_nhap;
END//
DELIMITER ;
SET SQL_MODE=@OLDTMP_SQL_MODE;

-- Dumping structure for trigger quan_ly_nha_thuoc.tg_lo_thuoc_bi
SET @OLDTMP_SQL_MODE=@@SQL_MODE, SQL_MODE='';
DELIMITER //
CREATE TRIGGER `tg_lo_thuoc_bi`
BEFORE INSERT ON `lo_thuoc`
FOR EACH ROW
BEGIN
  IF NEW.ngay_san_xuat > CURRENT_DATE() THEN
    SIGNAL SQLSTATE '45000' SET MESSAGE_TEXT = 'NSX không được lớn hơn ngày hiện tại.';
  END IF;
  IF NEW.han_su_dung <= NEW.ngay_san_xuat THEN
    SIGNAL SQLSTATE '45000' SET MESSAGE_TEXT = 'HSD phải lớn hơn NSX.';
  END IF;
  IF NEW.so_luong_ton < 0 THEN
    SIGNAL SQLSTATE '45000' SET MESSAGE_TEXT = 'Tồn kho không được âm.';
  END IF;
END//
DELIMITER ;
SET SQL_MODE=@OLDTMP_SQL_MODE;

-- Dumping structure for trigger quan_ly_nha_thuoc.tg_lo_thuoc_bu
SET @OLDTMP_SQL_MODE=@@SQL_MODE, SQL_MODE='';
DELIMITER //
CREATE TRIGGER `tg_lo_thuoc_bu`
BEFORE UPDATE ON `lo_thuoc`
FOR EACH ROW
BEGIN
  IF NEW.ngay_san_xuat > CURRENT_DATE() THEN
    SIGNAL SQLSTATE '45000' SET MESSAGE_TEXT = 'NSX không được lớn hơn ngày hiện tại.';
  END IF;
  IF NEW.han_su_dung <= NEW.ngay_san_xuat THEN
    SIGNAL SQLSTATE '45000' SET MESSAGE_TEXT = 'HSD phải lớn hơn NSX.';
  END IF;
  IF NEW.so_luong_ton < 0 THEN
    SIGNAL SQLSTATE '45000' SET MESSAGE_TEXT = 'Tồn kho không được âm.';
  END IF;
END//
DELIMITER ;
SET SQL_MODE=@OLDTMP_SQL_MODE;

-- Removing temporary table and create final VIEW structure
DROP TABLE IF EXISTS `vw_doanh_thu_theo_ngay`;
CREATE ALGORITHM=UNDEFINED SQL SECURITY DEFINER VIEW `vw_doanh_thu_theo_ngay` AS SELECT
  DATE(hd.thoi_gian) AS ngay,
  COUNT(hd.id_hoa_don) AS so_hoa_don,
  SUM(hd.tong_tien) AS doanh_thu
FROM hoa_don hd
GROUP BY DATE(hd.thoi_gian)
ORDER BY DATE(hd.thoi_gian) DESC 
;

-- Removing temporary table and create final VIEW structure
DROP TABLE IF EXISTS `vw_hoa_don_chi_tiet`;
CREATE ALGORITHM=UNDEFINED SQL SECURITY DEFINER VIEW `vw_hoa_don_chi_tiet` AS SELECT
  hd.ma_hoa_don,
  hd.thoi_gian,
  nd.ho_ten AS nhan_vien,
  t.ten_thuoc,
  l.so_lo,
  l.han_su_dung,
  cthd.so_luong_ban,
  cthd.don_gia_ban,
  cthd.giam_gia_phan_tram,
  cthd.thanh_tien
FROM hoa_don hd
JOIN nguoi_dung nd ON nd.id_nguoi_dung = hd.id_nhan_vien
JOIN ct_hoa_don cthd ON cthd.id_hoa_don = hd.id_hoa_don
JOIN lo_thuoc l ON l.id_lo_thuoc = cthd.id_lo_thuoc
JOIN thuoc t ON t.id_thuoc = l.id_thuoc 
;

-- Removing temporary table and create final VIEW structure
DROP TABLE IF EXISTS `vw_ton_kho_theo_thuoc`;
CREATE ALGORITHM=UNDEFINED SQL SECURITY DEFINER VIEW `vw_ton_kho_theo_thuoc` AS SELECT
  t.id_thuoc,
  t.ma_vach,
  t.ten_thuoc,
  t.don_vi_tinh,
  SUM(l.so_luong_ton) AS tong_ton_kho
FROM thuoc t
JOIN lo_thuoc l ON l.id_thuoc = t.id_thuoc
GROUP BY t.id_thuoc, t.ma_vach, t.ten_thuoc, t.don_vi_tinh 
;

/*!40103 SET TIME_ZONE=IFNULL(@OLD_TIME_ZONE, 'system') */;
/*!40101 SET SQL_MODE=IFNULL(@OLD_SQL_MODE, '') */;
/*!40014 SET FOREIGN_KEY_CHECKS=IFNULL(@OLD_FOREIGN_KEY_CHECKS, 1) */;
/*!40101 SET CHARACTER_SET_CLIENT=@OLD_CHARACTER_SET_CLIENT */;
/*!40111 SET SQL_NOTES=IFNULL(@OLD_SQL_NOTES, 1) */;
